ISO3,country_name,year,ag_harvester,ag_milkingmachine,ag_tractor,atm,aviationpkm,aviationtkm,bed_acute,bed_hosp,bed_longterm,cabletv,cellphone,cheque,computer,creditdebit,eft,elecprod,fert_total,internetuser,irrigatedarea,kidney_dialpat,kidney_homedialpat,loom_auto,loom_total,mail,med_catscanner,med_lithotriptor,med_mammograph,med_mriunit,med_radiationequip,newspaper,pctdaysurg_cataract,pctdaysurg_cholecyst,pctdaysurg_hernia,pctdaysurg_lapcholecyst,pctdaysurg_tonsil,pctdaysurg_varicosevein,pcthomedialysis,pctimmunizdpt,pctimmunizmeas,pctirrigated,pctmvbyarea,pest_total,pos,radio,railline,railp,railpkm,railt,railtkm,ship_all,ship_motor,ship_sail,ship_steam,ship_steammotor,shipton_all,shipton_motor,shipton_sail,shipton_steam,shipton_steammotor,spindle_mule,spindle_ring,steel_acidbess,steel_basicbess,steel_bof,steel_eaf,steel_ohf,steel_other,steel_stainless,surg_appendectomy,surg_breastcnsv,surg_cardcath,surg_cataract,surg_cholecyst,surg_corbypass,surg_corinterven,surg_corstent,surg_csection,surg_hernia,surg_hipreplace,surg_hysterectomy,surg_kneereplace,surg_lapcholecyst,surg_mastectomy,surg_pacemaker,surg_prostatetrans,surg_prostatextrans,surg_tonsil,surg_varicosevein,telegram,telephone,transplant_bonemarrow,transplant_heart,transplant_kidney,transplant_liver,transplant_lung,tv,txtlmat_artif,txtlmat_otherraw,txtlmat_synth,txtlmat_totalraw,vehicle_car,vehicle_com,visitorbeds,visitorrooms,xlpopulation,xlrealgdp,pctivprimeenroll,pctivsecenroll,pctivprivateinv,pctivpublicinv,pctivliteracy,INV
USA,UNITED STATES OF AMERICA,2000,0.6353159986871376,,1.0,1.0,,,1.0,0.3176885917934316,1.0,0.9002590673575129,1.0,1.0,1.0,1.0,,,0.5492718392692442,1.0,0.40874833482362816,,,,,,1.0,1.0,1.0,1.0,1.0,,,,,,,,,0.9333333333333332,0.8769230769230771,0.05421698735401313,,,1.0,,,,,,,,,,,,,,,,,,,,,0.6740988201143601,1.0,,,,1.0,0.558787825603674,1.0,,,,1.0,,1.0,,1.0,1.0,1.0,,1.0,1.0,1.0,1.0,,,,1.0,1.0,1.0,1.0,1.0,1.0,1.0,,,,,1.0,1.0,,1.0,0.2131595807063519,1.0,,,,,0.996437054631829,0.9023648102119519
CHN,CHINA,2000,0.19193702866992068,3.061255727099256e-05,0.20606831568708292,,,,,1.0,,1.0,0.7554545454545455,0.010837708830548926,0.12483372887057333,0.026613974959781773,,1.0,1.0,0.17660999049759235,0.9927370937425866,,,,,0.3689144477706003,,,,,,,,,,,,,,0.8666666666666667,0.7692307692307693,0.09912001612062064,0.0,0.00023085700716975904,,,,,,,,,,,,,,,,,,,,,,1.0,0.42214048360467304,0.10933432502789141,1.0,,,,,,,,,,,,,,,,,,,,,,,0.7540025821014228,,,,,,,,,,,,,1.0,0.23119994243418043,1.0,0.5568902948295624,,,,,0.8230403800475059,0.5339963366934816
JPN,JAPAN,2000,1.0,0.5442130361874441,0.42249771405345143,0.4279365925860577,,,,0.6570861120948076,0.13625378800149607,0.2422279792746114,0.6072727272727273,0.005391408114558472,0.2484377657440693,0.07811662120258328,,0.779341510936938,0.0424385376933355,0.3064491594788731,0.04817606160696363,1.0,0.021258682382656283,,,,,,,,,,,,,,,,0.0025906735751295338,0.8133333333333334,0.9538461538461538,0.5044699220920005,,,,,,,,,,,,,,,,,,,,,,,,0.9472492273813545,0.640744843152417,,,,,,,,,,,,,,,,,,,,,,,,,0.3973829062142318,0.04351921627731726,0.0013673655423883319,0.054653318502039305,0.0008051529790660225,0.0031380753138075313,0.38977470670705816,,,,,,,,0.38339470028575573,0.09734283068389041,0.32900530359905156,,,,,0.996437054631829,0.3860633082572764
FRA,FRANCE,2000,0.08733030197754699,0.6802688462807444,0.2633304173495687,0.12412000905020665,,,0.29399154938140254,0.14975119725013458,0.04774958107427575,0.03912458549222798,0.26454545454545453,0.10724821002386635,0.11116896097501094,0.12790950704499,1.0,0.3939246833734564,0.12112583772384601,0.06822251030452321,0.04804832204967244,,,,,,0.1507034632034632,0.06642512077294686,0.7223983857019314,0.06742556917688267,0.3066322136089578,,0.26895734597156395,0.0,0.0,,0.3021148036253776,0.10403120936280884,,0.9733333333333333,0.7692307692307693,0.08863391240562762,,0.6430225118561563,0.26297390717323516,,0.1993258823210265,,,,,,,,,,,,,,,,,,,0.15559976477359458,0.17643001943614287,,,,0.4668807588255138,1.0,0.18380285802474286,1.0,1.0,0.850132481579616,0.08459835990122587,1.0,0.15402635809023846,0.9271232462541209,0.37472084356472785,0.16998795631888428,0.143213462764132,1.0,0.1849550074448113,0.08591051727880952,0.4608145210494204,0.39791845698462713,1.0,1.0,,,0.2271414217533283,0.14949863263445762,0.1421579532814238,0.16203703703703703,0.07322175732217573,0.1567025460743373,,,,,0.13187597423329014,,0.6347698369279611,0.14362891511602804,0.04528258248564562,0.15176142153087654,,,,,0.996437054631829,0.35348803204417917
DEU,GERMANY,2000,0.12955687055061527,0.8503386088973697,0.21474689170644634,0.17373318770298596,,,0.6325111712314193,0.2332935955931427,,0.26424870466321243,0.4381818181818182,0.010420047732696898,0.17141816487817232,0.06301632821182376,0.3530796286440802,,0.0801522135314685,0.1999971700035373,0.008832277961276665,0.2550134646643538,0.619869501157651,,,,,,,,,,,,,,,,0.14507772020725387,0.8666666666666667,0.8923076923076926,0.028378292564263725,,0.37499752653206603,0.19060766386353237,,0.296720288636302,,,,,,,,,,,,,,,,,,,0.41258461268971386,0.2784384208656398,,,,,,,,,,,,,,,,,,,,,,,,,0.25754304290696806,,0.19051959890610756,0.16403411197626994,0.1568035426731079,0.16527196652719664,0.19865553498822705,,,,,,,0.8885650145662597,0.21385336083158216,0.06289606406906677,0.18974225340262832,,,,,0.996437054631829,0.3153651371655255
IND,INDIA,2000,0.004028798519766833,,0.31770563258479567,,,,,,,0.5064766839378239,0.03263233636363636,,0.028658769411063083,,,0.4086352493109939,0.48811405318647766,0.04450599092386658,1.0,,,,,1.0,,,,,,,,,,,,,,0.5333333333333333,0.33846153846153854,0.30338938049114894,0.0,,,,,,,,,,,,,,,,,,,,,,,0.16669794677376976,0.22986896277874147,0.15272096194372134,,,,,,,,,,,,,,,,,,,,,,,,,,,,,,0.335956225979139,,,,,0.029039809754540163,,0.08286247887824978,0.018744991956640252,0.7691498514591256,0.22772308527438012,,,,,0.4750593824228028,0.3122402276560648
ITA,ITALY,2000,0.04894251236566673,0.510199083664119,0.34294635749599844,0.11542275521209558,,,0.30109614858497735,,,0.000782519170984456,0.38636363636363635,0.014367541766109786,0.06458452496741195,0.022914675184382116,0.0989993088796537,0.1982741564042081,0.050612665016839226,0.10725490644547965,0.04925272358984653,,,,,,0.3198051948051948,,,0.18957968476357268,0.18087855297157623,,0.33767772511848343,0.00784313725490196,0.14798850574712646,,0.08308157099697885,0.23797139141742527,,0.9466666666666667,0.6,0.17327837121729187,,,0.1836474681434874,,0.11424734828961289,,,,,,,,,,,,,,,,,,,0.13261514207424646,0.33609897803506866,,,,0.2523597542019169,0.6549807672619309,0.015595672086291324,0.8904179924960608,0.8895414859355512,1.0,0.0496522094107571,,0.20863562872954566,1.0,0.23313339422966717,0.10123270618478449,0.07103679462666078,0.8632420693204785,0.19321982693511144,0.20409586400626287,0.2208816351433801,0.4469588465578153,0.6438181143119226,0.5450611160421635,,,0.18789248932429037,0.13217866909753875,0.09944382647385984,0.1360708534621578,0.058577405857740586,,,,,,,,0.9989953188542108,0.23557909141135047,0.044044917889268474,0.12644086694970869,,,,,0.9833729216152018,0.3015229405259097
RUS,RUSSIAN FEDERATION,2000,0.19193702866992068,,0.16353835567265787,0.013226748418761664,,,,0.497060198126827,,0.14507772020725387,0.029387036363636362,1.909307875894988e-05,0.05721000998714872,0.0008199078283711422,,0.6440043043115933,0.04149458233920904,0.023164149298431008,0.08392488914031278,,,,,,,,,,,,,,,,,,,0.9466666666666667,0.9692307692307692,0.021144614067641607,,,0.006468293888554252,,1.0,,,,,,,,,,,,,,,,,,,0.42819964215557477,0.17992016552070053,1.0,,,,,,,,,,,,,,,,,,,,,,,,0.16986041848129324,,,,,,,,,,,0.0900895825116908,,0.18619479710992473,0.044651318220679546,0.1116593873959003,0.09681683091192553,,,,,0.994061757719715,0.29056529526156855
GBR,UNITED KINGDOM,2000,0.0451037334044787,0.5340088504304465,0.10416312064568589,0.12042025981653165,,,0.2761090676961425,0.07366679344358842,0.1341710866152863,0.0433885621761658,0.3890909090909091,0.06441527446300715,0.12359147724370402,0.14718316974034956,0.7343563692499846,,0.051547852983775656,0.12580335915709118,0.0019525903757367836,,,,,,,,,,0.2446167097329888,,0.8175355450236966,0.047058823529411764,0.4540229885057472,,,0.5812743823146945,,0.9066666666666667,0.8307692307692309,0.006328143633529891,,,0.23791655683298948,,0.09718416840734612,,,,,,,,,,,,,,,,,,,0.14356317956032683,0.07529937929737299,,,,,,,0.5535580118565065,0.3964852839883091,0.8622191571993757,0.022225179398310275,,,0.7064056422213049,0.2670350547546028,0.057050613822907284,0.11301294307986469,,,,,,,0.3028188215365159,,0.18835825849341623,,0.10802187784867821,0.1257693733778272,0.13486312399355876,0.10251046025104603,,,,,,,,0.598469801623983,,0.04545294989526879,0.15176142153087654,,,,,0.996437054631829,0.2857318104415449
BRA,BRAZIL,2000,0.051821596586557744,,0.16791337299043477,,,,,,,0.030248173575129534,0.2109090909090909,,0.05287666984839866,,,0.2563808918574811,0.19194294652010713,0.040390629591652016,0.05308491030858228,,,,,,,,,,,,,,,,,,,1.0,1.0,0.011094027120044123,0.5650574424331765,,,,,,,,,,,,,,,,,,,,,,,0.2702601253706693,0.12004430604610336,,0.017356845650881712,,,,,,,,,,,,,,,,,,,,,,,,,,,,,,,,,,,,,,0.133582456502332,0.1251704081235986,,,,,0.8266033254156769,0.26972301151841666
KOR,"KOREA, REPUBLIC OF",2000,0.0834742485110336,,0.039919324680660194,,,,,0.08795051681315635,,0.11112225388601037,0.24909090909090909,,0.11800134492279214,,,,0.022888345570657543,0.15725508332025856,0.020949287395755398,,,,,,,,,,,,,,,,,,,0.9733333333333333,0.9384615384615383,0.5823458203140821,,0.15996411822517134,,,,,,,,,,,,,,,,,,,,,,0.3076586214231197,0.38537900478588893,,,,,,,,,,,,,,,,,,,,,,,,,,,,,,,0.07449163850570485,,,,,0.0376846019494056,,,0.012402019194298057,0.035896600196221234,0.08419162258943652,,,,,0.9750593824228029,0.2598818864567731
LBY,LIBYA,2000,0.0032706396749321975,,0.007079403022636965,,,,,,,,0.0003397615454545454,,,,,0.014906951992803591,0.0016029706245769735,7.181311774736526e-05,0.008558550338509828,,,,,,,,,,,,,,,,,,,0.9333333333333332,0.8923076923076926,0.03038336975973575,0.9218075313952041,,,,,,,,,,,,,,,,,,,,,,,,0.022027628581579552,,,,,,,,,,,,,,,,,,,,,,,,,0.002989996904785668,,,,,,,,,,,,,0.010412787046943511,0.0027977963999409705,0.00378755300060666,,,,,,0.7612826603325415,0.2127623787870015
THA,THAILAND,2000,0.06669686506116135,0.0020986608706891566,0.045829556408660786,,,,,,,0.00194409585492228,0.02783730909090909,0.0017112171837708832,0.010654797949071818,,,0.07029223274763215,0.045611922711390473,0.018581963734188463,0.09118779539772623,,,,,,,,,,,,,,,,,,,0.9733333333333333,0.923076923076923,0.26164697340847626,0.48889612505476143,0.2619501480782803,,,,,,,,,,,,,,,,,,,,,,,0.0438671654580033,,,,,,,,,,,,,,,,,,,,,,,,,,,,,,,,,,,,,,,0.07768141465562346,0.04665968057174145,0.051385552457438,,,,,0.9489311163895487,0.2123749928330596
TWN,TAIWAN,2000,,,,,,,,,,,,,,,,,,,,,,,,0.0,,,,,,,,,,,,,,,,,,,,,,,,,,,,,,,,,,,,,,,,0.12379415187117601,0.14468431942151352,,,,,,,,,,,,,,,,,,,,,,,,0.0,,,,,,,,,,,,,,,0.004776743408896602,,,,,,,0.995249406175772,0.21141743681289302
CAN,CANADA,2000,0.11516144944616016,,0.15187164282525284,0.11586661506314401,,,0.11543301820834727,,,0.10333717616580311,0.07927946363636364,0.03957517899761337,0.08011267030327827,0.1255352715798963,0.612472821023507,0.4446761358579607,0.07146119028386462,0.10483554304831293,0.013120677384623807,0.0704917635071205,1.0,,,,0.07501352813852814,0.014794685990338164,,0.03327495621716287,,,,,,,,,0.844559585492228,0.8933333333333334,0.9384615384615383,0.009600469618080297,,,0.1410351332741066,,,,,,,,,,,,,,,,,,,,,0.12047846051824881,0.1439319526008903,,,,0.0961496484346578,0.11776578473959019,0.021748016650955593,,,0.7596457478857391,0.029412117840576638,0.37683924537517555,0.07717415609974256,,0.09670013649577489,0.0793213031465382,0.08203718684120213,,0.09366435769620854,0.10029801259152539,0.14354026845637585,0.11240332283013463,,,,,0.07711630243657372,0.07976298997265269,0.0853540971449759,0.08091787439613526,0.12866108786610878,,,,,,,,,0.08738247486678757,0.02336351478178863,0.08541789704780248,,,,,0.996437054631829,0.20997605835111335
MNG,MONGOLIA,2000,0.001053744824846113,,0.0009752121935482661,,,,,,,0.0004973089378238342,0.001419961818181818,,0.00018825227118143633,,,,9.498002789198111e-05,0.0002408961916823274,0.0015146261793098413,,,,,,,,,,,,,,,,,,,0.9466666666666667,0.923076923076923,0.0006053233049472405,0.428140429731115,,,,,,,,,,,,,,,,,,,,,,,,,,,,,,,,,,,,,,,,,,,,,,,,,0.0006018677155950629,,,,,,,,,,,0.00014631810242830582,,,,0.001669118137496569,,,,,,0.9928741092636579,0.20623535865270592
UKR,UKRAINE,2000,0.06257017767788421,0.11393653676738198,0.06643380463381,,,,,0.1350907292095934,,0.03354963730569948,0.007300286363636364,,0.005410828982000086,,,0.12545685501339765,0.01285445085178089,0.00276562875191326,0.0439241591999854,,,,,,,,,,,,,,,,,,,1.0,1.0,0.05811953760219769,,,,,,,,,,,,,,,,,,,,,,,,0.18545349899278055,0.02056469309703442,0.9822114788645098,,,,,,,,,,,,,,,,,,,,,,,,0.05462033439827694,,,,,,0.0956800167450431,,,,,0.024114522883918344,,0.05511516912222453,0.01083237491935297,0.03773185887712119,0.01671626931658424,,,,,0.996437054631829,0.20587559616831821
CRI,COSTA RICA,2000,0.0011401173514728436,,0.0014543807569238295,,,,,,,,0.0017673327272727274,,0.003516880350284685,,,0.004764016778871508,0.004876128508854476,0.0017378267289842356,0.0019525903757367836,,,,,,,,,,,,,,,,,,,0.8533333333333334,0.7384615384615385,0.03765924988112043,0.5476104157184489,0.2609211854177522,,,,,,,,,,,,,,,,,,,,,,,,,,,,,,,,,,,,,,,,,,,,,,,,,,,,,,,,,,,,,,0.007110842253799405,0.0025413700337483603,0.002472634446653431,,,,,0.9489311163895487,0.20119123291260851
ISR,ISRAEL,2000,0.0002264879587100935,0.005432028217975013,0.005100228521737899,,,,,0.009779900810941933,,0.01525431347150259,0.04012377272727273,,0.009893900193839966,,,0.03130923301315786,0.002742730959280747,0.010270127879596993,0.003521962079599993,,,,,,,,,,,,,,,,,,,0.96,0.923076923076923,0.3427308951394629,,,,,,,,,,,,,,,,,,,,,,,,,0.005830842859829882,,,,,,,,,,,,,,,,,,,,,,,,1.0,,,,,,,,,,,,0.006823562829830788,,0.05720430223439146,0.011037270209322492,0.004152473220415122,0.011010915355582592,,,,,0.9548693586698337,0.20047232861041853
GUY,GUYANA,2000,0.0004203462962500888,,0.0007522946444996345,,,,,,,,0.0003191950909090909,,0.00010789983342581163,,,,0.00036337897440273637,0.0003519206973328617,0.0027190277194839322,,,,,,,,,,,,,,,,,,,0.8533333333333334,0.8000000000000002,0.08617171761112805,,,,,,,,,,,,,,,,,,,,,,,,,,,,,,,,,,,,,,,,,,,,,,,,,,,,,,,,0.00017004271049335303,,,,,,,,9.391034123603083e-05,0.00044405026422480857,,,,,,0.9833729216152018,0.19490143136656585
EGY,EGYPT,2000,0.0022725571450233108,,0.017965904448371775,,,,,,,0.0,0.012460281818181818,,0.004995657308035722,,,0.05536100832103162,0.03681078108067983,0.0036541439917950674,0.06003759192685998,,,,,,,,,,,,,,,,,,,0.9866666666666667,0.9846153846153846,1.0,0.10996731960891461,,,,,,,,,,,,,,,,,,,,,,,0.013550542397057167,0.03467157098371962,,,,,,,,,,,,,,,,,,,,,,,,,0.029523458565695965,,,,,,,,,,,,,0.1221205024483713,0.02762817846867602,0.052433396686847746,0.018711529017580268,,,,,0.47030878859857483,0.19255977448083178
ESP,SPAIN,2000,0.049422359735815234,0.4489739691221339,0.18437177147159542,0.16566039724073622,,,,0.049926460652042357,,0.0038987525906735753,0.22272727272727272,0.004701670644391408,0.03635214553891112,0.019728303529100898,0.09118626091641796,0.1629687981541182,0.06281102306056628,0.04465514467730191,0.06668004890600193,,,,,,0.12905844155844157,0.08695652173913043,,0.0840630472854641,0.12661498708010335,,,,,,,,,0.9466666666666667,0.923076923076923,0.1231505412958399,,,0.2625404487720587,,0.07732685891001817,,,,,,,,,,,,,,,,,,,0.05178734531987038,0.2436205563334657,,,,,,,,,0.2403542521142608,0.019766832224058783,,,,0.09808593329420223,0.04068537654214782,0.05772907780555964,,,,,,,,,,0.13106003516704345,0.1608933454876937,0.1431961438635521,0.19182769726247986,0.14435146443514643,,,,,,,,0.7081498290047782,0.165084379051408,0.030435224332090744,0.07589901436133113,,,,,0.9738717339667459,0.19147114770530635
KWT,KUWAIT,2000,,,1.4583391059256276e-05,,,,,,,,0.004327929090909091,,0.0015404903104779162,,,,1.3998594880079677e-05,0.001206327268168733,0.00016423657366010328,,,,,,,,,,,,,,,,,,,0.9866666666666667,1.0,0.06753169997044887,,,,,,,,,,,,,,,,,,,,,,,,,,,,,,,,,,,,,,,,,,,,,,,,,,,,,,,,0.003850182968017442,,,,,,0.001318451501443477,0.0011895554124232274,0.0004007654302618147,0.0012406833468195603,,,,,,0.7980997624703088,0.19117102219970303
SUR,SURINAME,2000,0.00026199666410108274,,0.0002731260811240711,,,,,,,1.915397668393782e-05,0.00036542518181818177,,,,,,0.00016511912541221333,8.893210572485016e-05,0.0009124254092227961,,,,,,,,,,,,,,,,,,,0.6266666666666666,0.6923076923076924,0.5795292118746571,,0.0023085700716975904,,,,,,,,,,,,,,,,,,,,,,,,,,,,,,,,,,,,,,,,,,,,,,,,,,,,,,0.00036502486257926727,,,,,2.9461753713824254e-05,,,0.00022709227971622002,,,,,,,0.9323040380047506,0.18905492909103738
BWA,BOTSWANA,2000,8.925161084762159e-05,,0.0012460465989344541,,,,,,,,0.0018535936363636362,,0.00036737427241199927,,,,0.00013004957665209722,0.0002020028282912615,0.0,,,,,,,,,,,,,,,,,,,0.9733333333333333,0.8615384615384617,0.0,0.5863610553438252,,,,,,,,,,,,,,,,,,,,,,,,,,,,,,,,,,,,,,,,,,,,,,,,,0.000707935277913585,,,,,,0.00021960228481840871,,,,,,,0.0021829177255614277,0.0005012616915325801,0.0008053076616764228,,,,,,0.7304038004750594,0.18587894081504017
COL,COLOMBIA,2000,0.002781195357380724,,0.004371058968775085,,,,,,,0.0074755440414507775,0.02050570909090909,,0.009299482790383002,,,,0.01923126380132867,0.0070771335199173915,0.016405408857825873,,,,,,,,,,,,,,,,,,,0.6666666666666666,0.6307692307692309,0.019757660669935794,0.278122658911761,1.0,,,,,,,,,,,,,,,,,,,,,,0.002527432653929407,0.007941649773245,,,,,,,,,,,,,,,,,,,,,,,,,,,,,,,,,,,,,,0.05715687093566322,0.012928404951148328,0.030415371219316232,0.02483885002067708,,,,,0.8966745843230404,0.18574730886612922
LKA,SRI LANKA,2000,7.67755792237605e-06,,0.001662714914913205,,,,,,,7.124352331606218e-05,0.003910927272727273,,0.0008259602183447732,,,0.004712529798090127,0.0072130755643567135,0.0009763046802741755,0.01211700943447873,,,,,,,,,,,,,,,,,,,1.0,1.0,0.2829510936171043,0.4277939716070552,,,,,,,,,,,,,,,,,,,,,,,,0.0006060732721686974,,,,,,,,,,,,,,,,,,,,,,,,,,,,,,,0.008807665963756246,,,,,,,0.015476078186184017,0.003784464790329918,0.014596518690651846,0.008589320816826151,,,,,0.9014251781472684,0.18477639040278843
CUB,CUBA,2000,0.007099821688717253,,0.01624610597416948,,,,,,,,5.935889090909091e-05,,0.0008251235618740767,,,0.010714440700605413,0.0038065072716709355,0.00047985227892092305,0.015857953612292194,,,,,,,,,,,,,,,,,,,0.9466666666666667,0.923076923076923,0.13049912421628235,0.34969043804718936,,,,0.011556303068117082,,,,,,,,,,,,,,,,,,,,0.007001191247465986,,,,,,,,,,,,,,,,,,,,,,,,,,,,,,,0.01155052695289247,,,,,,,0.0414889115864422,0.009202481672238274,0.008203508577059898,,,,,,0.9536817102137767,0.18145826048969546
CHL,CHILE,2000,0.008539363799162761,,0.011246086182424472,,,,,,,0.008906562176165802,0.030922954545454545,,0.00880742692098007,,,0.03005883490846718,0.014081885058384954,0.020459099406782182,0.034653917042281795,,,,,,,,,,,,,,,,,,,0.9733333333333333,0.9692307692307692,0.12470370109249207,0.29735259582939966,,,,,,,,,,,,,,,,,,,,,,,0.013250253368867536,0.004514200923739263,,,,,,,,,,,,,,,,,,,,,,,,,,,,,,,,,,,,,,0.05901262049840593,0.011429986181764076,0.01132544903587717,0.01833450595986668,,,,,0.9501187648456056,0.18001411551701124
IRQ,IRAQ,2000,0.003836859571707431,,0.01239442406126191,,,,,,,,0.0,,,,,0.024468819852202943,0.010843796722867567,,0.06430774284202266,,,,,,,,,,,,,,,,,,,0.7600000000000001,0.8615384615384617,0.35970594867902417,0.11246311327270281,0.006529955345658899,,,,,,,,,,,,,,,,,,,,,,,,,,,,,,,,,,,,,,,,,,,,,,,,,,,,,,0.008057593136408024,,,,,,,0.02818712725332356,0.0064263944161155025,0.017464062285777075,,,,,,0.5961995249406176,0.1795264889948845
MEX,MEXICO,2000,0.021591212267202047,,0.06768172624016637,,,,0.12431163935921209,0.031564450229193165,,0.029295582901554405,0.12636363636363637,,0.03506399892568712,,,0.14972928881033445,0.05353512741351557,0.02166811981270365,0.11494735305388784,0.15763118949998786,,,,,0.05140692640692641,0.021739130434782608,0.06428365523205534,0.01138353765323993,0.40310077519379844,,0.8530805687203792,,0.4425287356321839,,1.0,0.048114434330299105,,0.8666666666666667,0.9538461538461538,0.05867765908987497,0.08036090791024339,,,,,,,,,,,,,,,,,,,,,,,0.06454962901792975,0.21628456185082237,,,,0.21629040686329631,0.032454331388121045,0.002273239178130188,0.08050129893988606,0.6842712735260719,0.041268919458458855,0.000344188615361218,0.0,,0.3213752042281774,0.011253086784222061,0.2834667584280466,0.007727852135117909,,0.06973306575171015,0.0019538573881465984,0.09955765710799268,0.06586460422037621,0.24052678707930197,0.009485024104143824,,,0.008289374529012811,0.0068368277119416595,0.10945494994438265,0.006038647342995169,0.0,,,,,,0.04924221082877909,,0.45439723173692875,0.1028147490459563,0.07763207550097542,0.09239193739609354,,,,,0.8942992874109263,0.17927056274119627
TZA,TANZANIA,2000,,,0.0015793812517174548,,,,,,,7.386014248704663e-05,0.0016906636363636363,,0.0006284651913276506,,,,0.0006503647817563532,0.00032937876275244016,0.0029015128013284916,,,,,,,,,,,,,,,,,,,0.7333333333333334,0.6769230769230771,0.003966652716129571,0.6989846618347451,,,,,,,,,,,,,,,,,,,,,,,,,,,,,,,,,,,,,,,,,,,,,,,,,,,,,,,,,,,,,,0.00897583429228999,0.0023611742939344898,0.0243387027592748,0.002065403967324508,,,,,0.7066508313539193,0.1790908311276101
AUS,AUSTRALIA,2000,0.05422083343730026,0.6802688462807444,0.06562130141765145,,,,0.08546432805422986,,0.041628700755980554,0.016900272020725388,0.07793793636363637,0.02042959427207637,0.0559617148061147,0.051358870936404684,,0.1519358737009651,0.06648163583079177,0.05329191716522219,0.043504443511742916,0.030874111453455932,0.5196800673542412,,,,,0.035024154589371984,,0.03852889667250438,0.08354866494401378,,0.8886255924170615,0.03529411764705882,0.2054597701149425,0.027863777089783284,0.031722054380664645,0.16124837451235371,1.0,0.9066666666666667,0.8923076923076926,0.0051977001114542915,,,,,,,,,,,,,,,,,,,,,,,,0.0744466549053464,0.023009885264059855,,,,0.08600948531892236,0.14736811314407733,0.04459970135059605,0.3139760279054212,0.4224547163840125,0.6148234183877174,0.021337693055794575,0.2896086452164357,0.06780236466512675,0.24544011535621466,0.08122366899253615,0.07516673919863977,0.05539417561406089,0.4458880980178009,0.059871388187566085,0.06638510068615261,0.15231086028065893,0.05583882364174544,0.29987769454211893,0.10229903061313285,,,0.058841999497613665,0.026891522333637192,0.03878383388950686,0.029589371980676328,0.09414225941422594,,,,,,,,0.30555242640737557,0.04746277430661849,0.014407991069343465,0.05014041418590907,,,,,,0.1789665483771316
IDN,INDONESIA,2000,0.3166973449085315,,0.014579432710254478,,,,,,,0.00041450854922279795,0.03335758181818182,,0.013031107297368248,0.002191601967778788,,,0.07286721616752957,0.016125584077045094,0.0878483183999708,,,,,,,,,,,,,,,,,,,0.68,0.5846153846153846,0.10749853869373972,0.0,,,,,,,,,,,,,,,,,,,,,,,,0.059499676064285564,,,,,,,,,,,,,,,,,,,,,,,,,,,,,,,,,,,,,,0.2272751527368668,0.06162445376501193,0.1613668108802165,0.08186441041788138,,,,,0.8467933491686461,0.1772447616967324
POL,POLAND,2000,0.09308847041932902,1.0,0.272226285895715,0.018091792095502823,,,0.23608110162020854,0.05727488766900894,0.12362682184833858,0.045850246113989634,0.06134271818181818,0.00019093078758949882,0.016573213896158314,0.0020866848523000163,0.009586787988383822,0.1048620627008452,0.04629034313215492,0.022579526262594983,0.001806602310261136,0.15671413668453868,,,,,,,,,,,,,,,,,,0.9866666666666667,0.9692307692307692,0.005392607615393193,,0.05834745958353396,0.014103913045474462,,,,,,,,,,,,,,,,,,,,,0.0840433917645734,0.06873706869527053,0.02342878393454816,,,,,,,,,,,,,,,,,,,,,,,,,,,,,,,,,,,0.04689466073206002,,0.06447961666886755,0.014759290720804556,0.029351305934641827,0.034175044905845296,,,,,0.998812351543943,0.17708423573441032
SGP,SINGAPORE,2000,,,9.583371267511268e-06,0.005383511163055078,,,,,,0.0033033549222797926,0.024978227272727273,0.00218854415274463,0.012044393041404094,0.00331071786621902,,0.022703551939698446,8.343630142510957e-05,0.010481152819642531,,,,,,,,,,,,,,,,,,,,0.92,0.8769230769230771,,,,,,,,,,,,,,,,,,,,,,,,,,0.012581245167088131,,,,,,,,,,,,,,,,,,,,,,,,,,,,,,,,,,,,,,,0.008605602178719916,0.002412247850664498,,,,,,0.9109263657957245,0.1759959381728586
DNK,DENMARK,2000,0.02229274912235916,0.0351160045850808,0.025667184932607025,0.008721950627244518,,,,,0.016185699686946893,0.013504481865284974,0.030635,0.0013365155131264917,0.01678924145407089,0.016464215491983552,0.12868889113994955,0.026160534935019752,0.01019501007080542,0.016882917401260192,0.008138834650267341,0.00985953079890342,0.11618606609134918,,,,0.01488095238095238,,,0.014448336252189142,0.023255813953488372,,1.0,1.0,1.0,1.0,0.9003021148036253,1.0,0.6917098445595855,0.9733333333333333,1.0,0.16883840027841074,,0.03898845055372702,0.02484712705160059,,0.002109160947291322,,,,,,,,,,,,,,,,,,,0.03821177883713074,0.016719262680515788,,,,0.01698626150111456,0.021587468737659602,0.01226130988629633,0.04667469033885491,0.05230187836252955,0.12184675692352365,0.004592516699151135,0.043149764942914705,0.010015699653109082,0.06334707452220782,0.02660451998985833,0.0019280010525570051,0.006474604108447321,0.02759261351510815,0.029941088884573055,,0.034144295302013426,0.0009166427957605271,0.06387184135234893,0.06746259651809697,,,,0.01276207839562443,0.010901001112347052,0.004629629629629629,0.032426778242677826,,,,,,0.00894444757451124,,0.05468613146554628,0.009540802823652234,0.0037599817978659273,0.015401119711638381,,,,,0.996437054631829,0.1751821571010868
URY,URUGUAY,2000,0.004508645889915335,0.01172460943479015,0.006871068864647589,,,,,,,0.005416187823834197,0.0037176409090909092,,0.002151608544806511,,,0.005264176020747783,0.0030385426030723264,0.0029670568838167043,0.0032847314732020656,,,,,,,,,,,,,,,,,,,0.88,0.8461538461538464,0.01212346675347001,0.8047785101847356,0.0452611652342539,,,,,,,,,,,,,,,,,,,,,,,0.0007732658989738553,,,,,,,,,,,,,,,,,,,,,,,,,,,,,,,,,,,,,,0.020646628739594084,0.0038312979994658087,0.0022024666256804538,0.003115738552183223,,,,,0.9750593824228029,0.17347095414347286
PAK,PAKISTAN,2000,0.001533592194994616,,0.06676713928659302,,,,,,,0.0003217163212435233,0.0031561318181818183,,0.003628115908835257,,,,0.08657356480794162,0.002400003264970905,0.33009726454862315,,,,,,,,,,,,,,,,,,,0.49333333333333335,0.33846153846153854,0.670981332781312,0.7585195509773195,0.18905869704305153,,,,,,,,,,,,,,,,,,,,,,0.010297411258336149,0.002069008756713829,,,,,,,,,,,,,,,,,,,,,,,,,,,,,,,,,,,,,,0.028370384543864518,0.008580965959330724,0.1084982793618806,0.034755645222391475,,,,,0.32779097387173395,0.1732597324861095
BLZ,BELIZE,2000,4.318626331336528e-05,1.3605581009330028e-05,0.00023562593268598356,,,,,,,,0.00015270654545454547,,0.0001736198513811241,,,,0.00017505549756091288,0.00012226327202038322,3.649701636891184e-05,,,,,,,,,,,,,,,,,,,0.8666666666666667,0.9384615384615383,0.01969905841374893,,,,,,,,,,,,,,,,,,,,,,,,,,,,,,,,,,,,,,,,,,,,,,,,,,0.00015806033534815911,,,,,,9.484646980139236e-05,,,,,,,0.0034468540382630443,0.000917394268542109,,,,,,,0.9204275534441805,0.17192653325361773
LBN,LEBANON,2000,0.00012763940045950185,0.0034932329241454843,0.0017252151623100174,,,,,,,0.0008529189119170984,0.008895107272727272,,0.0014188788452139188,,,,0.0015228074810361414,0.003182539097694289,0.0018795963429989598,,,,,,,,,,,,,,,,,,,0.88,0.8615384615384617,0.29882360470878133,0.3229938428671018,,,,,,,,,,,,,,,,,,,,,,,,,,,,,,,,,,,,,,,,,,,,,,,,,,,,,,,,,,,,,0.0009320088199859062,0.013367002368869976,0.003452729558950692,0.002434948115271017,0.0015516625751499024,,,,,0.836104513064133,0.17075245837132677
LSO,LESOTHO,2000,1.1516336883564076e-05,,0.0004127099669769526,,,,,,,,0.0001590609090909091,,,,,,0.00022923795039529225,2.2592677501859207e-05,0.0,,,,,,,,,,,,,,,,,,,0.7733333333333333,0.6153846153846154,0.0003899150117279515,,,,,,,,,,,,,,,,,,,,,,,,,,,,,,,,,,,,,,,,,,,,,,,,,,6.318600849683914e-05,,,,,,0.00013510231199506762,,,,,,,,,0.0012514640487564193,,,,,,0.8099762470308789,0.16933607545928098
BLR,BELARUS,2000,0.016367593795765443,,0.015184018436739645,,,,,0.03737565565866805,,0.0044107577720207255,0.00044933736363636365,,,,,0.018878804795938706,0.023521438599649537,0.001507087203069651,0.0023723060639792696,,,,,,,,,,,,,,,,,,,1.0,0.9846153846153846,0.014121143664031067,,,,,,,,,,,,,,,,,,,,,,,,,0.03136951660431775,,,,,,,,,,,,,,,,,,,,,,,,,0.014705670404326307,,,,,,0.014762680856300501,,,,,0.00675495802580427,,,,0.007478100460294957,0.008766615340003487,,,,,0.994061757719715,0.16824751723050763
BGD,BANGLADESH,2000,,,0.0011481295446794477,,,,,,,0.035644420336787566,0.002571741818181818,,0.001247018922768871,,,0.010493782211542351,0.038577906418078116,0.0008141653970317876,0.07638825526013249,,,,,,,,,,,,,,,,,,,0.7866666666666666,0.6461538461538462,0.4608995446324684,0.648173501911294,0.041752138725273565,,,,,,,,,,,,,,,,,,,,,,,,,,,,,,,,,,,,,,,,,,,,,,,,0.0025251533922566742,,,,,,,,,,,,,0.004925848171334787,0.0010256960646688562,0.09916269935488764,0.013776806135256463,,,,,0.2980997624703088,0.16684458334670865
MYS,MALAYSIA,2000,,,0.009016910691938156,,,,,,,0.0,0.046561345454545454,0.003933174224343676,0.013652208265770365,0.0026268137060611006,,,0.03472250635051079,0.040133701263417566,0.006642456979141955,,,,,,,,,,,,,,,,,,,0.9466666666666667,0.8307692307692309,0.046224379638616094,0.008045707432411795,,,,,,,,,,,,,,,,,,,,,,,,0.07626073690150265,,,,,,,,,,,,,,,,,,,,,,,,,,,,,,,,,,,,,,,0.03272421703777513,0.016498877814727676,0.020717170145954575,,,,,0.8527315914489311,0.16599598304397475
MAR,MOROCCO,2000,0.0036094119182570406,,0.009001493964246942,,,,,,,,0.02129090909090909,,0.0021613807172292778,,,0.010126018063103915,0.010733210745777334,0.0016093714358661343,0.02379605467253052,,,,,,,,,,,,,,,,,,,0.9466666666666667,0.9076923076923079,0.04242423333298333,0.49641038083518857,,,,,,,,,,,,,,,,,,,,,,,,,,0.0,,,,,,,,,,,,,,,,,,,,,,,,,,,,,,,,,,,,0.06854846751090785,0.016151359077776057,0.02279654681697224,0.009426823480152858,,,,,0.39429928741092635,0.16593021796843344
GTM,GUATEMALA,2000,0.0029251495684252753,,0.000891878530352516,,,,,,,,0.007789372727272727,,0.0007949039276730406,,,0.004131462443557397,0.006179546737772125,0.0006416430931886724,0.002354057555794814,,,,,,,,,,,,,,,,,,,0.8133333333333334,0.6461538461538462,0.0288066090544486,0.7800484156340469,,,,,,,,,,,,,,,,,,,,,,,,,,,,,,,,,,,,,,,,,,,,,,,,,0.0035854854747000313,,,,,,,,,,,,,0.022149877514060955,0.0038747162871022073,0.009384230136796958,0.005108782704653398,,,,,0.6294536817102138,0.1648670551437355
UZB,UZBEKISTAN,2000,0.006715943792598451,,0.03541284850919202,,,,,0.03903479395129117,,0.0009621041450777202,0.0004828936363636364,,,,,0.034104240541289986,0.021364661350902397,0.0009640312497603488,0.07810361502947134,,,,,,,,,,,,,,,,,,,0.96,1.0,0.15493576502695355,,,,,,,,,,,,,,,,,,,,,,,,,0.006102530878388263,0.004834510970621049,,,,,,,,,,,,,,,,,,,,,,,,0.008816197557709888,,,,,,0.028719482553255203,,,,,,,0.008057930863492184,0.001696484216354791,0.018613849925609653,,,,,,0.8693586698337292,0.16391402770160304
MUS,MAURITIUS,2000,,,7.312528945427076e-05,,,,,,,,0.0016273627272727273,,0.0007286919159609066,,,,0.0010915397051586137,0.0006942187630451819,0.0003467216555046625,,,,,,,,,,,,,,,,,,,0.8533333333333334,0.7692307692307693,0.17695941293739811,0.46856993419130466,0.010098345085054318,,,,,,,,,,,,,,,,,,,,,,,,,,,,,,,,,,,,,,,,,,,,,,,,0.0014608647622126162,,,,,,,,,,,0.0003568276147012977,0.0001818553795094451,0.009230777522954323,0.0020274876788412685,0.0005689324995804702,0.0014502537540523252,,,,,0.8147268408551069,0.16382933131059024
NOR,NORWAY,2000,0.013049929078558693,0.09182746762722069,0.027704484663585126,,,,0.013403045870444113,0.01827206403716416,0.023955188936237885,0.010635316062176166,0.030531481818181817,,0.013614474872604209,,,0.10265547781021457,0.005635968731990326,0.015678897013026202,0.002299312031241446,,,,,,,,,,,,0.9265402843601895,,0.6795977011494254,0.4055727554179567,0.6570996978851963,0.8543563068920678,,0.9466666666666667,0.8923076923076926,0.12208160014160546,,0.004419262708678245,,,0.009928654748663971,,,,,,,,,,,,,,,,,,,,0.014085978808334553,,,,0.014284202379928695,0.028944173869802407,,0.04703504900171229,0.025336485656309922,0.1176363834343581,0.004719586333310654,,0.00766250780007001,0.03539761263801755,0.023926702116205487,0.019097837197769387,,0.0,0.018514921991325175,,0.031086028065893837,0.0012221903943473694,0.1349072880948741,0.025838713981563666,,,,,,,,,,,,,0.008609879429827032,,0.07542115489822483,0.015819623846396833,0.003105029146435662,0.013342178815870718,,,,,0.996437054631829,0.16370139811659118
ARG,ARGENTINA,2000,0.047982817625369725,0.02788123688336956,0.062346288454058464,,,,,,,0.07642487046632124,0.05499966363636364,,0.015888261194135115,,,0.06514353466949403,0.02521596997111438,0.020964278613199907,0.028467672767751237,,,,,,,,,,,,,,,,,,,0.56,0.33846153846153854,0.008791038454980518,0.8691061779743511,,,,,,,,,,,,,,,,,,,,,,,0.02687586802297211,0.04698112813224937,,3.962750148603131e-05,,,,,,,,,,,,,,,,,,,,,,,,,,,,,,,,,,,,0.21417117847912617,0.04161081847131039,0.02804861854642567,0.03986545973964406,,,,,0.9643705463182898,0.1619834815628887
PER,PERU,2000,,,0.0027441775290360524,,,,,,,0.00562716450777202,0.011705518181818182,,0.006579659810966536,,,0.014318529355302093,0.00742656144243392,0.006517737992678091,0.02178871877224037,,,,,,,,,,,,,,,,,,,0.8933333333333334,0.9692307692307692,0.0381296679922177,0.1579342849886818,0.03412066565969039,,,,,,,,,,,,,,,,,,,,,,0.0026150169538180497,0.009655374197997868,,,,,,,,,,,,,,,,,,,,,,,,,,,,,,,,,,,,,,0.09923382282792949,0.02786478374399797,0.02035669159704374,0.012059097693301908,,,,,0.8586698337292161,0.15999557047701224
NLD,NETHERLANDS,2000,0.005372371156182641,0.127542117776712,0.03114199827040982,0.024213297759391513,,,0.06385627868802626,0.05177760987949133,0.032968644624351,0.07996891191709844,0.09727272727272727,0.00033890214797136035,0.038951743405879174,0.03294008844124253,0.2502599174478978,0.06558485164762017,0.012211509124512096,0.05620789522238066,0.010292158616033139,,,,,,,,,,,,0.8732227488151658,0.0392156862745098,0.37787356321839083,,,0.7074122236671002,,0.9733333333333333,0.9538461538461538,0.28882741985566446,,0.06803685797017328,0.04989060026552773,,,,,,,,,,,,,,,,,,,,,0.06794039262790436,0.0033020543794018684,,,,0.047535735310654116,,,0.1984375036801334,0.16643706833963176,0.5305433559580415,0.011241160155765359,,0.02900630912979902,0.16988295763101127,0.07022065080351902,0.030670903883328104,0.022720865813600038,,,,,,,0.10948096323755489,,0.05285111562098042,0.01651595076613916,0.017775752051048314,0.040637745643307376,0.025362318840579712,0.01778242677824268,0.03619737399267107,,,,,,,0.0928952765433363,0.019915194954558024,0.011900035055595405,0.04238941262029487,,,,,0.996437054631829,0.159620376256723
PHL,PHILIPPINES,2000,0.0006698669287273104,,0.0023918844678760187,,,,,,,0.021979650259067358,0.058774372727272726,0.0028066825775656325,0.00919551875173031,,,0.033000948095974675,0.021462563841191055,0.012436603285402534,0.02826693917772222,,,,,,,,,,,,,,,,,,,0.7466666666666667,0.7230769230769232,0.1298911008073811,0.3594272065038284,,,,,,,,,,,,,,,,,,,,,,,,0.008882108299024014,,,,,,,,,,,,,,,,,,,,,,,,,,,,,,,,,,,,0.0035413732229045767,,0.02858813732438966,0.006471520164501647,0.062139491182248804,0.02356269406978622,,,,,0.9465558194774347,0.15379943194798185
ZWE,ZIMBABWE,2000,0.000765836402757011,,0.004996061442743211,,,,,,,0.000345619689119171,0.003122858181818182,,0.0013339224987039535,,,0.004830214325590427,0.004826446648110979,0.000444729009511662,0.0021168269493968867,,,,,,,,,,,,,,,,,,,0.7066666666666667,0.5538461538461538,0.005655117722032299,1.0,,,,,,,,,,,,,,,,,,,,,,,0.0022646797542634784,,,,,,,,,,,,,,,,,,,,,,,,,,,,,,,,,,,,,0.002502488403102522,0.000568298060967016,0.004730733056111765,0.0011857095292164828,0.008483914557487548,0.0016915712994881454,,,,,0.9144893111638955,0.15356510281938748
PAN,PANAMA,2000,0.0009577753508164123,0.0009421864848961044,0.0010377124409450787,,,,,,,,0.003750397272727273,,0.0006430274860236261,,,0.0032782496191802245,0.0009069277555605692,0.0007260608918152054,0.0006204492782715013,,,,,,,,,,,,,,,,,,,0.9866666666666667,0.9692307692307692,0.015958414398954363,0.0,,,,,,,,,,,,,,,,,,,,,,,,,,,,,,,,,,,,,,,,,,,,,,,,,,,,,,,0.0022514371951842366,,,,,,,0.01437815141903127,0.0032485660378739185,0.001822710436325764,0.0018543571448904736,,,,,0.9049881235154394,0.1533295780329143
DZA,ALGERIA,2000,0.008875256958266714,,0.019433618591406923,,,,,,,0.0,0.0007817924545454546,,0.0012296510027736112,,,0.018363934988124896,0.002693049098537249,0.0012061046867361937,0.01020091607511086,,,,,,,,,,,,,,,,,,,0.9066666666666667,0.7076923076923078,0.01395473725738441,0.5612737095810997,,,,,,,,,,,,,,,,,,,,,,,0.008045243546913905,0.0024869903237267235,,,,,,,,,,,,,,,,,,,,,,,,,,,,,,,,,,,,,,0.03580901356373446,,0.02379728221089693,0.010477272007507189,,,,,0.5653206650831354,0.15254253746257238
JOR,JORDAN,2000,7.293680026257248e-05,,0.0011902130445933016,,,,,,,1.7587007772020728e-05,0.003429240909090909,,0.0008910250106794934,,,0.0051097150784036385,0.0005983157264715475,0.0009922055429748208,0.001350389605649738,,,,,,,,,,,,,,,,,,,0.8933333333333334,0.923076923076923,0.06298912508131564,0.3877872324029224,0.006767408267319222,,,,,,,,,,,,,,,,,,,,,,,0.0006060732721686974,,,,,,,,,,,,,,,,,,,,,,,,,0.003151502605634912,,,,,,,,,,,,,0.018208767783368322,0.0041808396072352426,0.003266778150513301,0.002167255898127256,,,,,0.8800475059382423,0.1523444940068096
ARM,ARMENIA,2000,0.00137524256284561,0.002642884111062358,0.0038127234253635587,,,,,0.0029776385808469178,,3.180428756476684e-05,0.00013010072727272728,,0.0001145274321929034,,,0.004065264896838478,0.00020018867417232941,0.0002604732770649677,0.005219073340754394,,,,,,,,,,,,,,,,,,,0.92,0.8923076923076926,0.21099902346240332,,,,,,,,,,,,,,,,,,,,,,,,,,,,,,,,,,,,,,,,,,,,,,,,,,0.002301534894241326,,,,,,0.0028912359555209525,,,,,,,0.005977421623821292,,0.0025059191459374333,0.0016128496952952946,,,,,0.982185273159145,0.1520805435780018
HND,HONDURAS,2000,,,0.0010793792725429538,,,,,,,0.0006667496113989637,0.001453140909090909,,0.00043503791726271147,,,0.0023661945310529016,0.005270660932405783,0.0004530800874405555,0.0014416321465720177,,,,,,,,,,,,,,,,,,,0.9466666666666667,0.9846153846153846,0.02721974796029647,0.18386478678416598,0.023765079909504053,,,,,,,,,,,,,,,,,,,,,,,,,,,,,,,,,,,,,,,,,,,,,,,,0.0016115299985874645,,,,,,,,,,,,,0.011674028399490114,0.003316864467863759,0.004402930241572068,0.0012566274731701345,,,,,0.6793349168646081,0.1516260230941619
NIC,NICARAGUA,2000,,,0.0005585438775695154,,,,,,,0.0007120139896373058,0.0008203692727272727,,0.0007323503470020367,,,0.0013658760473003538,0.0008402079390444484,0.00039945134934270596,0.0016971112611544007,,,,,,,,,,,,,,,,,,,0.92,1.0,0.013421316720693747,0.029329892784701963,,,,,,,,,,,,,,,,,,,,,,,,,,,,,,,,,,,,,,,,,,,,,,,,,,,,,,,,,,,,,,0.002786049808253585,0.0007256708186420565,0.003364035318093572,0.0007015768622240828,,,,,0.5771971496437055,0.15027362447294662
TKM,TURKMENISTAN,2000,0.014393501714974501,0.001758521345455906,0.010412749550466971,,,,,,,,7.099532727272728e-05,,,,,0.0069264699716895155,0.0030817365972952027,4.6846464912124645e-05,0.032829066223836204,,,,,,,,,,,,,,,,,,,0.9733333333333333,0.9692307692307692,0.05532272992510212,,,,,,,,,,,,,,,,,,,,,,,,,,,,,,,,,,,,,,,,,,,,,,,,,,0.0019961598495974796,,,,,,0.0037695222022007995,,,,,,,,,0.0035038997280895357,,,,,,,0.14833402153321398
TUN,TUNISIA,2000,0.002733210620365874,,0.0073085705964252776,,,,,,,,0.0010825563636363636,,0.0013483984569118616,,,0.007478116194347171,0.003248316953905754,0.0020125986687272546,0.006916184601908794,,,,,,,,,,,,,,,,,,,0.96,0.9384615384615383,0.0418548114102393,0.04156472145360446,,,,,,,,,,,,,,,,,,,,,,,0.0012261801984409994,0.0012121465443373947,,,,,,,,,,,,,,,,,,,,,,,,,,,,,,,,,,,,,,0.1060752486774483,0.023997385145823245,0.007044817816498591,0.00521897775819064,,,,,0.6543942992874109,0.14806200416893472
DOM,DOMINICAN REPUBLIC,2000,,,0.0003852098581223551,,,,,,,,0.006262505454545454,,,,,,0.0026753682010373574,0.0012486322565315902,0.005000091242540922,,,,,,,,,,,,,,,,,,,0.5866666666666668,0.8307692307692309,0.0743691632127837,0.052000989942029244,0.043533035637725995,,,,,,,,,,,,,,,,,,,,,,,0.0007314677422725658,,,,,,,,,,,,,,,,,,,,,,,,,0.00474792488189994,,,,,,,,,,,,,0.06960543088370438,0.012579351189307393,0.006006176828183489,0.003448134132447504,,,,,0.8087885985748219,0.14757752808669714
ECU,ECUADOR,2000,0.0007946272449659213,0.000993207413681092,0.00304855373385853,,,,,,,0.004134608808290155,0.004305411818181818,,0.0016650105079262286,,,0.007478116194347171,0.004800144486540892,0.0014221385154683333,0.015766711071369916,,,,,,,,,,,,,,,,,,,0.8666666666666667,0.7692307692307693,0.10720592742820599,,0.1810446609370156,,,,,,,,,,,,,,,,,,,,,,,0.001337541014441263,,,,,,,,,,,,,,,,,,,,,,,,,,,,,,,,,,,,,,0.04187914181688824,0.00887416136235854,0.009442404374229258,0.005716058225450838,,,,,0.9049881235154394,0.14703969921830476
ALB,ALBANIA,2000,0.0008531686241240387,,0.001701673402457218,,,,,0.0008162538679216686,,6.18280829015544e-05,0.0002724903636363636,,0.00014367537591543947,,,0.0031679203746486934,0.0005421167745834614,2.4861741980249273e-05,0.006186244274530557,,,,,,,,,,,,,,,,,,,0.9733333333333333,0.9384615384615383,0.29717574126603874,,,,,,,,,,,,,,,,,,,,,,,,,8.359631340257894e-05,,,,,,,,,,,,,,,,,,,,,,,,,0.0007885677767753853,,,,,,,,,,,0.0004259817454504479,,0.002839949011353867,0.0006363950137267648,0.002249560055982792,0.0009617835413774543,,,,,0.8194774346793349,0.14524781495623873
OMN,OMAN,2000,4.126687383277127e-05,,2.7291774696608174e-05,,,,,,,0.0,0.0014186318181818181,,0.00045925070583460243,,,0.0063821790320006296,0.00016383324195767574,0.0006856227648950485,0.0011131589992518112,,,,,,,,,,,,,,,,,,,1.0,1.0,0.05737110878768833,,0.001273011496678957,,,,,,,,,,,,,,,,,,,,,,,,,,,,,,,,,,,,,,,,,,,,,,,,0.001093297185152647,,,,,,0.005662437671854987,,,,,,,0.003885054559468338,0.0012115653634269224,0.0015985010770579156,,,,,,0.667458432304038,0.14472866545557983
PRY,PARAGUAY,2000,,,0.0034335552578228954,,,,,,,0.0013371675518134717,0.007155069090909091,,0.00040434958152285746,,,,0.0019010617890379605,0.00030577948572201025,0.0012044015401740907,,,,,,,,,,,,,,,,,,,0.7466666666666667,0.6615384615384616,0.002681003218623917,0.16726480161386886,0.04563053644572552,,,,,,,,,,,,,,,,,,,,,,0.0,,,,,,,,,,,,,,,,,,,,,,,,,,,,,,,,,,,,,,,0.005442741529066493,0.0011096055643706605,0.003908626208511397,0.0017690901773383908,,,,,0.9251781472684085,0.14316283691822468
ROU,ROMANIA,2000,0.028538442492212077,,0.0333405486396717,0.0015263474129023822,,,,0.050186612629038556,,0.045622279792746114,0.022723245454545453,0.00019093078758949882,0.004417054388914618,0.0,0.0,0.03785543485536204,0.008888055662387793,0.006451837759557132,0.05622365371630869,,,,,,,,,,,,,,,,,,,1.0,0.9846153846153846,0.2074137854307391,,0.06215989815908027,7.416868764830047e-05,,0.05993136749586306,,,,,,,,,,,,,,,,,,,0.04214056028927843,0.027691278814604276,,,,,,,,,,,,,,,,,,,,,,,,,,,,,,,,,,,,,,0.10708855369573361,0.023187073058586638,0.016740885720448028,0.00762188572766618,,,,,0.9916864608076009,0.14171539800347666
TJK,TAJIKISTAN,2000,0.0009577753508164123,0.0016904934404092559,0.006246066390679463,,,,,0.01037266487177484,,0.0,1.0659045454545454e-05,,,,,0.010126018063103915,0.0002557154597091799,2.091675221846319e-05,0.013102428876439351,,,,,,,,,,,,,,,,,,,0.7866666666666666,0.8153846153846155,0.15764296925431628,,,,,,,,,,,,,,,,,,,,,,,,,,,,,,,,,,,,,,,,,,,,,,,,,,0.0011481797438628147,,,,,,0.008924943637310981,,,,,,,0.0,0.0,0.004405400338161456,0.0005402760673479402,,,,,0.9916864608076009,0.14045911250752438
SLV,EL SALVADOR,2000,0.00040115240144414865,0.00015986557685962783,0.0007106278129017594,,,,,,,0.003998305699481865,0.006688084545454546,,0.0007248341035336639,,,0.002513300190428276,0.0022686783339158777,0.0005549539962048793,0.0008029343601160605,,,,,,,,,,,,,,,,,,,1.0,0.9692307692307692,0.026684627358153287,0.0,,,,,,,,,,,,,,,,,,,,,,,,0.0008359631340257895,,,,,,,,,,,,,,,,,,,,,,,,,,,,,,,,,,,,,,0.0034990015172625673,0.0011108251791919076,0.004217134347021421,0.0018649158161508205,,,,,0.7482185273159145,0.13872422504594148
ZMB,ZAMBIA,2000,0.0002859890326085079,,0.0012460465989344541,,,,,,,0.00013789715025906737,0.0008637475454545455,,0.0004053354945265223,,,,0.000913006477345656,0.00015148668184931347,0.0008211828683005164,,,,,,,,,,,,,,,,,,,0.7200000000000001,0.7846153846153847,0.0012654487197757114,0.05656786925771293,,,,,,,,,,,,,,,,,,,,,,,,,,,,,,,,,,,,,,,,,,,,,,,,,,,,,,,,,,,,,,0.003918472065390513,0.0010730171197332458,0.007231829521831553,0.0006686120322148605,,,,,0.7399049881235155,0.1364747243120493
SAU,SAUDI ARABIA,2000,0.0023493327242470716,0.00019387952938295288,0.002058549815093018,0.006563810042775412,,,,,,0.0007172967530224525,0.011996272727272727,0.00018615751789976133,0.00773172396972513,0.000687789979249726,0.006399064419383638,,0.011282166082369018,0.003554404929292403,0.029544334750634137,,,,,,,,,,,,,,,,,,,0.9466666666666667,0.923076923076923,0.009283757424660848,0.29508615528512155,,0.005287679124625964,,,,,,,,,,,,,,,,,,,,,,0.06227925348492132,,,,,,,,,,,,,,,,,,,,,,,,,,,,,,,0.023075063859645757,,,,,,,,0.013549432818127378,0.01676766433767877,,,,,,0.7280285035629454,0.13505938621224625
ZAF,SOUTH AFRICA,2000,0.010746661701845878,,0.015058601273630042,,,,,,,0.0,0.07635450909090909,,0.018129680649527944,,,0.15267140199784196,0.021630605428999944,0.019490620174351686,0.027318016752130515,,,,,,,,,,,,,,,,,,,0.7333333333333334,0.6615384615384616,0.014996177352828084,0.06417710421233717,,,,,,,,,,,,,,,,,,,,,,,0.057530372983997095,0.07952099312420323,,0.00273429760253616,,,,,,,,,,,,,,,,,,,,,,,,,,,,,0.029358880005708066,,,,,,,0.05825803165500198,0.01279961362602463,0.03424255888192587,0.02104924921928659,,,,,0.8242280285035629,0.13341669086856564
GNQ,EQUATORIAL GUINEA,2000,,,2.7291774696608174e-05,,,,,,,,4.5956254545454544e-05,,0.0,,,,,2.1699947730939537e-06,,,,,,,,,,,,,,,,,,,,0.12000000000000004,0.26153846153846155,,,,,,,,,,,,,,,,,,,,,,,,,,,,,,,,,,,,,,,,,,,,,,,,,,,0.0,,,,,,,,,,,,,,,0.0,,,,,,0.8016627078384798,0.13147517637788406
MDA,"MOLDOVA, REPUBLIC OF",2000,0.0051804322081232404,0.0030374459603329284,0.008746076286551968,,,,,0.007847571439448222,,0.0006528284974093264,0.0012342090909090908,,0.00037267023954766856,,,0.0021161149101147645,0.00014466188863547893,0.00041077905070458024,0.005584043504443512,,,,,,,,,,,,,,,,,,,0.8933333333333334,0.8153846153846155,0.12035833379585116,,,,,,,,,,,,,,,,,,,,,,,,,0.018955464064034776,,,,,,,,,,,,,,,,,,,,,,,,,0.003016399219394027,,,,,,0.005289234052898579,,,,,,,0.0026475288562858596,0.0006363950137267648,0.002443528045791786,0.0009594920311878588,,,,,0.9881235154394299,0.13120339419603502
HRV,CROATIA,2000,0.0006727460129482014,0.0019489994795865264,0.0004752102143737652,,,,,0.0061049784844055535,,0.002156288860103627,0.009334227272727274,,0.003068069123390513,,,0.007257457705284109,0.006512707450993228,0.0023606281256820165,3.649701636891184e-05,,,,,,,,,,,,,,,,,,,0.92,0.9076923076923079,0.0009121351172020123,,,,,,,,,,,,,,,,,,,,,,,,,0.0014629354845451315,,,,,,,,,,,,,,,,,,,,,,,,,0.009115715457311269,,,,,,0.005426394900593111,,,,,0.0050996394163051436,,0.10716455157210501,0.019739953727813682,0.0032710488782613074,0.003503750730585039,,,,,0.9809976247030879,0.13062234206199919
RWA,RWANDA,2000,,,1.4791725217245651e-05,,,,,,,,0.0003534450909090909,,,,,,4.383693595014513e-06,3.666008210377443e-05,7.299403273782368e-05,,,,,,,,,,,,,,,,,,,0.88,0.6153846153846154,0.002911512093215589,0.050377925372056626,0.001926007031244847,,,,,,,,,,,,,,,,,,,,,,,,,,,,,,,,,,,,,,,,,,,,,,,,,,,,,,,,,,,,,,,0.006123602603741281,0.0006107482348582465,,,,,,0.12981805711202457
BOL,"BOLIVIA, PLURINATIONAL STATE OF",2000,0.0001228409267580168,0.00043197719704622835,0.0012460465989344541,,,,,,,0.0010499987046632124,0.005438343636363637,,0.0008802963045040367,,,,0.00021488866002761142,0.0009770296828388598,0.0023905545721637257,,,,,,,,,,,,,,,,,,,0.7466666666666667,0.6153846153846154,0.0035328360141865466,0.20212895818962787,,,,,,,,,,,,,,,,,,,,,,,,,,,,,,,,,,,,,,,,,,,,,,,,,,,,,,,0.004216161349994236,,,,,,,0.014122669196335933,0.003768609797653705,0.0059387454997947,0.0023008724646520783,,,,,0.830166270783848,0.12847254640161446
GMB,GAMBIA,2000,2.879084220891019e-06,,5.4166881077237595e-06,,,,,,,,5.1271627272727275e-05,,8.127272881710013e-05,,,,1.8996005578396224e-05,9.392615564928171e-05,1.824850818445592e-05,,,,,,,,,,,,,,,,,,,0.7866666666666666,0.7846153846153847,0.002843409471264644,0.09674999614147105,,,,,,,,,,,,,,,,,,,,,,,,,,,,,,,,,,,,,,,,,,,,,,,,,0.00014636743634304522,,,,,,,,,,,,,,,0.0007112593111608706,0.0,,,,,0.24703087885985747,0.12793573155333193
AZE,AZERBAIJAN,2000,0.0038608519402148563,,0.006265441467372475,,,,,0.019637578389172957,,3.057525906735751e-05,0.0039222,,,,,0.013435895399049845,0.0001154372646687155,9.577890413883198e-05,0.02653333090019891,,,,,,,,,,,,,,,,,,,1.0,1.0,0.3255502336839968,,,,,,,,,,,,,,,,,,,,,,,,,,,,,,,,,,,,,,,,,,,,,,,,,,0.004364189659325583,,,,,,0.008606507738427615,,,,,0.0014930841174150657,,0.004232434923449657,0.001291409480391236,0.0056492978885492,0.0022617522078241742,,,,,,0.12775505259069808
SYR,SYRIAN ARAB REPUBLIC,2000,0.0045412755110854335,0.0005408218451208686,0.020341955520240602,,,,,,,0.0,0.00027272727272727274,,0.0015402549037946247,,,0.017260642542809585,0.010677216366257016,0.00023839884413832536,0.022080694903191665,,,,,,,,,,,,,,,,,,,0.9333333333333332,0.9538461538461538,0.08828809909181505,0.025578215403916745,0.03848716105244412,,,,,,,,,,,,,,,,,,,,,,,0.0014420364061944867,,,,,,,,,,,,,,,,,,,,,,,,,,,,,,,,,,,,0.0007981670328844817,0.003728035279943625,0.01808803356842369,0.003687139527594395,0.013314915616002425,0.011733538662774542,,,,,0.6971496437054632,0.12465080261896996
GHA,GHANA,2000,1.6314810585049108e-05,,0.000739794595020272,,,,,,,7.422246113989638e-05,0.001146020909090909,,0.00034870254722175884,,,,0.0003429801868739355,0.0002309894630890557,0.0001824850818445592,,,,,,,,,,,,,,,,,,,0.7999999999999999,0.7692307692307693,0.0007384284294945355,0.10313216492399668,0.0010685381474714562,,,,,,,,,,,,,,,,,,,,,,,0.0005015778804154737,,,,,,,,,,,,,,,,,,,,,,,,,,,,,,,,,,,,,,0.009113277260195708,0.003243199732660431,0.014416840325037532,0.003018393680095923,,,,,0.6472684085510689,0.12393753201137214
ARE,UNITED ARAB EMIRATES,2000,1.7274505325346113e-05,,7.520863103416451e-05,,,,,,,,0.012412818181818181,,0.0023628552973330766,,,0.028072908506899624,0.0010214006076383815,0.006814694688318663,0.001368638113834194,,,,,,,,,,,,,,,,,,,0.9333333333333332,0.923076923076923,0.13764799944797876,,,,,,,,,,,,,,,,,,,,,,,,,0.0018600179732073815,,,,,,,,,,,,,,,,,,,,,,,,,0.005182737029651875,,,,,,0.0029877710543145075,,,,,,,0.026222501300318276,0.0072923209392009814,0.001485384504272887,,,,,,,0.12301381101125897
ISL,ICELAND,2000,1.9193894805940126e-05,0.0033809868808185118,0.0018750074219043783,,,,,,0.0,1.683937823834197e-05,0.0019466481818181816,,0.0006682470574265133,,,0.005330373567466701,0.00061517833450037,0.0013513060068350174,,0.0,0.0025257840454641126,,,,0.0,0.0,0.0,0.00043782837127845885,0.0017226528854435831,,,,,,,,0.7953367875647668,0.9866666666666667,0.8769230769230771,,,,,,,,,,,,,,,,,,,,,,,,,,,,,,,,,,,,,,,,,,,,,,,,,,,0.0009894969703393558,0.0,0.0,0.0,0.0,0.0,,,,,,0.0006811651360640036,,0.006371424798484355,0.0013903608962217552,,,,,,,0.996437054631829,0.12282286932044831
NAM,NAMIBIA,2000,,,0.0006522942486647343,,,,,,,0.00042361943005181347,0.0007931971818181819,,0.00048311970126875737,,,0.0007186111460487052,4.383693595014513e-06,0.0002538936570154796,0.00010949104910673552,,,,,,,,,,,,,,,,,,,0.7333333333333334,0.5384615384615384,0.00014180545951019113,0.21400135496426462,,,,,,,,,,,,,,,,,,,,,,,,,,,,,,,,,,,,,,,,,,,,,,,,,0.000593949486534504,,,,,,0.0004947269773659876,,,,,0.00028157454880087143,,0.0023068858926920763,0.00048760200553461206,0.000975444221151047,,,,,,0.7885985748218527,0.12016396843579727
BGR,BULGARIA,2000,0.005276401682152941,0.014432120055646827,0.005204395600732587,0.0003173383323860729,,,,0.01643432879758211,,0.013708730569948186,0.0067263800000000006,,0.002237973604661345,0.0,5.428505724856197e-06,0.02954396510065337,0.0044231468373696434,0.0034263431859535743,0.01458055803938028,,,,,,,,,,,,,,,,,,,0.92,0.8461538461538464,0.12794592591814785,,,0.0,,0.011535957464123918,,,,,,,,,,,,,,,,,,,0.016753625364413247,0.012539447010386841,,,,,,,,,,,,,,,,,,,,,,,,,,,,,,,,,,,,0.008919657445489887,,0.06440954770483719,,0.00592614877668932,0.005227966555066955,,,,,0.9833729216152018,0.11996546747386136
KEN,KENYA,2000,0.0007466425079510709,0.00036394929199957824,0.0025377183784685816,,,,,,,0.00014270556994818654,0.001136439090909091,,0.0009016096156662333,,,0.0025353660393345823,0.00425379014148225,0.0007877523197250062,0.0015328746874942974,,,,,,,,,,,,,,,,,,,0.68,0.6307692307692309,0.003186222669572779,0.0,,,,,,,,,,,,,,,,,,,,,,,,0.00039708248866225,,,,,,,,,,,,,,,,,,,,,,,,,,,,,,,,,,,,,,,,0.022479435662926595,0.0036077802290817675,,,,,0.7933491686460807,0.11937376489491854
CMR,CAMEROON,2000,,,0.00010020872999288956,,,,,,,,0.0013483090909090908,,0.0002986621050756281,,,0.002241154720583833,0.001342403877289311,0.0003197285673247147,0.0005839522619025895,,,,,,,,,,,,,,,,,,,0.3866666666666667,0.23076923076923075,0.003564237223133091,0.8887846756283114,0.0071829508802247885,,,,,,,,,,,,,,,,,,,,,,,,,,,,,,,,,,,,,,,,,,,,,,,,0.0004761343870452446,,,,,,0.004579881050850717,,,,,,,0.008506911225317534,0.0033258896175409882,0.011744365105429344,0.0018474952745989772,,,,,0.7090261282660333,0.11908994660249797
MWI,MALAWI,2000,,,0.00029395949692300865,,,,,,,0.0,0.00044441172727272725,,6.180099357915584e-05,,,,0.0014507395583341028,0.0001171474474716276,0.0005292067373492217,,,,,,,,,,,,,,,,,,,0.68,0.6,0.007296780926065654,0.0,0.00819872171177173,,,,,,,,,,,,,,,,,,,,,,,,,,,,,,,,,,,,,,,,,,,,,,,,,,,,,,2.6924241735753043e-05,,,,,,,0.03420443428743906,0.01022427496947914,,,,,,,0.5296912114014252,0.1170337258436779
GNB,GUINEA-BISSAU,2000,,,0.0,,,,,,,,0.0,,,,,,6.575540392521769e-05,2.3986795336753244e-05,0.00029197613095129473,,,,,,,,,,,,,,,,,,,0.24,0.3846153846153846,0.010404200561721626,0.5133120328144413,,,,,,,,,,,,,,,,,,,,,,,,,,,,,,,,,,,,,,,,,,,,,,,,,3.469066229267945e-05,,,,,,,,,,,,,,,0.0006105009163277303,,,,,,0.2505938242280285,0.11666269601070083
GRC,GREECE,2000,0.005012485628571264,0.04726918982166484,0.05204833102464364,0.011545154612135278,,,,,,0.0,0.05390541818181818,0.00040572792362768495,0.004643679595456012,0.0019701102795458255,0.0002710408842830186,0.03895872730067735,0.013322044835249104,0.008329701660533395,0.026460336867461087,0.03379509449525704,,,,,0.044588744588744594,,,0.009194395796847636,,,,,,,,,,0.8533333333333334,0.8307692307692309,0.17009354860162118,,0.07008159146224828,0.020326929210660594,,0.0,,,,,,,,,,,,,,,,,,,,0.022717298167150828,,,,,,,,,,,,,,,,,,,,,,,,,,,0.0009115770282588879,0.007638116425658138,0.0018115942028985507,,,,,,,,,0.3185453683067296,0.07598102767184067,0.0077721265994865184,0.016088192960198373,,,,,0.9679334916864608,0.11611636281007165
NPL,NEPAL,2000,,,0.0009543787777493286,,,,,,,,9.614727272727273e-05,,0.0004371181918370668,,,,0.00212942300071425,0.0004134986570993354,0.020693808281173013,,,,,,,,,,,,,,,,,,,0.64,0.5692307692307692,0.23174502218335408,,,,,,,,,,,,,,,,,,,,,,,,,,,,,,,,,,,,,,,,,,,,,,,,,,0.0014431630019314326,,,,,,0.0006536228634584331,,,,,,,0.018491738599644803,0.0043559762955663345,0.018798145294194785,0.0028630647380177487,,,,,0.30522565320665085,0.1135957205996805
NZL,NEW ZEALAND,2000,0.0029731343054401256,0.06801770086089313,0.01582943765819073,,,,,,,0.0002779616580310881,0.014325081818181817,0.0059665871121718375,0.008746631126361086,0.026334195985171713,,,0.02374734494291262,0.012481079249187116,0.0051825763243854815,0.0029549479608918217,0.03914965270469375,,,,0.007575757575757576,,0.02205246468722975,,0.031007751937984496,,0.9537914691943128,0.0392156862745098,0.5459770114942529,0.03715170278637771,0.6178247734138972,0.1807542262678804,0.7435233160621761,0.88,0.7846153846153847,0.016528036329398685,,,,,,,,,,,,,,,,,,,,,,,,0.005918196263904008,0.004472402767037973,,,,0.014843135050039357,0.032059438667310196,,0.01470875718656451,0.028631531917270137,0.13818010235563138,0.002303262187678848,0.0261768117711704,0.012126547867551591,0.01723366029222799,0.013392562543197614,0.0019937858653739106,0.006303010246604893,0.005799721312092796,0.009354567229882826,0.0047826744820962195,0.011348383160463698,0.002425284063783061,0.03487889575643742,0.0,,,0.0063426274805325296,0.008204193254329991,0.007415647015202077,0.006038647342995169,0.014644351464435146,0.008569449264887013,,,,,0.010413375401431066,,,0.004543309132109897,0.002614880416048726,0.0074228281878263285,,,,,0.996437054631829,0.11285487942971759
KGZ,KYRGYZSTAN,2000,0.0026852258833510237,,0.005294812625299975,,,,,0.009073936931879377,,0.00013675647668393782,8.240830000000001e-05,,0.00014759542514918822,,,0.010640887870917727,0.000854323432420395,0.00041559439031940774,0.01954415226555229,,,,,,,,,,,,,,,,,,,1.0,0.9846153846153846,0.09990944651369078,,,,,,,,,,,,,,,,,,,,,,,,,,,,,,,,,,,,,,,,,,,,,,,,,,0.001992778347699966,,,,,,0.0009329246752688719,,,,,,,0.0019091097738119943,0.000493212233712349,0.0033536316713993295,0.0011223525722262014,,,,,,0.11280023863182984
PNG,PAPUA NEW GUINEA,2000,0.00044913713845899894,,0.0002377092742658773,,,,,,,0.00025904896373056996,7.781264545454545e-05,,0.001726469043788147,,,,0.0003375444068161175,0.00035934120745375833,,,,,,,,,,,,,,,,,,,,0.43999999999999995,0.5230769230769232,,,,,,,,,,,,,,,,,,,,,,,,,,,,,,,,,,,,,,,,,,,,,,,,,,,0.0003137165384659724,,,,,,0.0003322844957703289,,,,,,,0.0014081166809948714,0.0004248324960677585,0.0032518036708779497,,,,,,0.7161520190023754,0.11256045057609623
SVN,SLOVENIA,2000,0.0029923282002460657,,0.023785302483488997,0.001983436114458128,,,,0.0010211400888940798,,0.00414299481865285,0.011045363636363636,0.00031026252983293556,0.003389499247339693,0.0025529831433167794,0.004273915373383515,0.00968470108497779,0.0022035950963418954,0.002414610574708532,3.649701636891184e-05,,,,,,,,,,,,,,,,,,,0.9066666666666667,0.923076923076923,0.005753221499027713,,,0.006666028409260748,,,,,,,,,,,,,,,,,,,,,,0.010825722585633973,,,,,,,,,,,,,,,,,,,,,,,,,0.004165041005767902,,,,,,0.0030004959467499243,,,,,0.003921882922981576,,0.017706966202504695,0.0038832535908509373,0.0011683349102668504,0.0031177641965497165,,,,,0.997624703087886,0.10953383827812756
LTU,LITHUANIA,2000,0.007867577480954858,0.015296074449739284,0.02124612576591449,0.0005452113355092483,,,,0.008389577827074994,,0.002879931347150259,0.004521133636363636,1.591089896579155e-06,0.0014022550339431534,0.00014377530639683538,0.0010252500302700917,0.007845880342785607,0.004466983773319788,0.0017186129513384032,0.00010949104910673552,,,,,,,,,,,,,,,,,,,0.9333333333333332,0.9692307692307692,0.001967875763216884,,0.004518201426036713,0.0016263924241713041,,,,,,,,,,,,,,,,,,,,,,,,,,,,,,,,,,,,,,,,,,,,,,,0.0059950077223827865,,,,,,0.006584979660395775,,,,,0.005160314196104945,,0.006601035403691557,0.001533543676236171,0.0024585948654865537,0.0026005032472883284,,,,,0.995249406175772,0.10765426530516606
KAZ,KAZAKHSTAN,2000,0.019834970892458528,0.0033197617662765267,0.010340249263486668,,,,,0.03173746484019621,,0.0008044138601036269,0.0016649427272727275,,,,,0.03763477636629898,0.001076927393175232,0.0007450637816182514,0.04286574572528696,,,,,,,,,,,,,,,,,,,0.9733333333333333,1.0,0.011327236098589795,,,,,,,,,,,,,,,,,,,,,,,,0.058706505011073155,,,,,,,,,,,,,,,,,,,,,,,,,,0.00907224076146765,,,,,,0.018278565924093798,,,,,0.004680794223148722,,0.008483195575953409,0.0021413997031457526,0.011266659198048761,0.01211075162464749,,,,,,0.10759166657474645
BEL,BELGIUM,2000,0.007058554814884482,0.0909294992806049,0.02207362904144829,0.023519201324329005,,,,,,0.049021204663212435,0.05111581818181818,0.001694510739856802,0.01425744568089736,0.017940826746869972,0.12743880346583183,0.06058325922885742,0.008499981880733141,0.024163193155112377,0.0007116918191937809,,,,,,,,,,,,,,,,,,,0.9466666666666667,0.7384615384615385,0.02588599661086952,,,0.0372699059934792,,,,,,,,,,,,,,,,,,,,,0.110518874416626,0.05694998850550691,,,,0.04872305382290103,,0.038100322841674104,,,,0.026337432913236453,,0.019916666569104815,,0.0668308320685188,0.033904480451789856,,,0.04870417125223884,0.05272783490234002,0.124908480780964,,,,,,0.0396257221803567,0.04649042844120328,0.029588431590656286,0.0322061191626409,,,,,,,0.021940973200368096,,0.08513325230486467,0.015012238834731215,0.007533581445994282,0.026594324069789448,,,,,1.0,0.10715484455158229
LBR,LIBERIA,2000,,,6.375025234474886e-05,,,,,,,,1.35326e-05,,,,,,,4.6409357720704056e-07,3.649701636891184e-05,,,,,,,,,,,,,,,,,,,0.4133333333333334,0.27692307692307694,0.0011176430292566264,0.022526253916676713,,,,,,,,,,,,,,,,,,,,,,,,,,,,,,,,,,,,,,,,,,,,,,,,,2.5759566137549974e-06,,,,,,,,,,,,,,,0.0019017150521614026,,,,,,0.4477434679334917,0.10578748273699103
LVA,LATVIA,2000,0.005766805694444711,0.017207658581550152,0.011624212679175188,0.001167535937148242,,,,0.004143215837045102,,0.0023576411917098443,0.003569670909090909,2.386634844868735e-06,0.002053965082431329,0.0002992080700690898,0.0021537666780798628,0.0027266033965225693,0.001465293421069551,0.0011801941112070038,0.0003467216555046625,,,,,,,,,,,,,,,,,,,0.9733333333333333,0.9692307692307692,0.008010108389172982,,,0.0013908496760388414,,,,,,,,,,,,,,,,,,,,,,2.0899078350644736e-05,0.02863518036444775,,,,,,,,,,,,,,,,,,,,,,,,0.0038117028284800785,,,,,,0.007841314884367801,,,,,0.0025608015475050237,,0.006058270428471715,0.0014845151604220355,0.0015040295012700385,0.0019896195474630725,,,,,0.997624703087886,0.10550210265303005
YEM,YEMEN,2000,5.0863821235741334e-05,,0.0013168802126508417,,,,,,,,0.00027756363636363636,,0.0001948614846244504,,,,0.00043977214145185593,0.00011188234820126682,0.009106005584043505,,,,,,,,,,,,,,,,,,,0.6933333333333334,0.5692307692307692,0.028156984043885693,0.24371040892959658,0.01689873292482636,,,,,,,,,,,,,,,,,,,,,,,,,,,,,,,,,,,,,,,,,,,,,,,,0.0017360810581990922,,,,,,0.020933567184022783,,,,,,,0.013668837906231556,0.0024624023240980035,0.013131774498159998,0.003932161853821109,,,,,0.36223277909738716,0.1042592453480475
ERI,ERITREA,2000,0.00011804245305653178,0.000972799042167097,9.250036614728267e-05,,,,,,,0.0,0.0,,3.0281790261186595e-05,,,,0.00031416470764270677,4.1612051234184586e-05,0.0003649701636891184,,,,,,,,,,,,,,,,,,,0.8533333333333334,0.8000000000000002,0.002772806753059993,,,,,,,,,,,,,,,,,,,,,,,,,,,,,,,,,,,,,,,,,,,,,,,,,,0.00014997356596972,,,,,,0.0003830417643637414,,,,,,,0.004655274171771371,0.0010127681475636365,,,,,,,,0.10401509801939125
FIN,FINLAND,2000,0.03646648074180565,0.09522886287955319,0.04041286830093702,0.006626553534241494,,,0.011624160257774265,0.009835995096512219,0.022341330961629643,0.012296190414507772,0.0338704,2.3866348448687352e-05,0.012710680912733582,0.014365873182408118,0.07962294993082905,0.05116849702883344,0.008733778872467249,0.015524831951894625,0.001149656015620723,0.005589655256071229,0.003788676068196169,,,,0.017316017316017316,0.0012077294685990338,0.05376189103488037,0.021453590192644482,0.06459948320413436,,0.8590047393364928,0.1019607843137255,0.45114942528735635,0.11145510835913311,0.14199395770392748,0.5591677503250976,0.038860103626943004,1.0,0.9538461538461538,0.028895712484930672,,0.014781444373355143,0.019656000180447844,,0.022495456148441527,,,,,,,,,,,,,,,,,,,0.03821177883713074,0.020146711530021524,,,,0.0234090262665282,,,0.07053844179029953,0.07623284993577452,0.14438677361983232,0.002349287409500406,,0.009195009360084012,0.06112018791899482,0.014865188714960006,0.04714240893863795,0.015167671716428887,0.04502943797938714,0.02167626939427289,,0.025381330079316658,0.008879977083930107,0.0838884399502042,0.04824309507648932,,,0.009984928409947249,0.006381039197812215,0.013867259918427882,0.006038647342995169,0.008368200836820083,0.015067704511758368,,,,,,,0.0628852782411612,0.01329624078123647,0.0036291974937125706,0.012922364020914954,,,,,0.996437054631829,0.10345043115068413
MOZ,MOZAMBIQUE,2000,,,0.0011939630594371103,,,,,,,,0.000480384,,0.00037308626961750704,,,,0.0004135284291297024,0.0001633668851656541,0.0019343418675523275,,,,,,,,,,,,,,,,,,,0.5866666666666668,0.5692307692307692,0.0021844841026379515,0.0,,,,,,,,,,,,,,,,,,,,,,,,,,,,,,,,,,,,,,,,,,,,,,,,,,,,,,,0.0006978760627139855,,,,,,,0.00534087203520696,,0.014600981793523635,0.002761605275811009,,,,,0.333729216152019,0.10131807612201671
CHE,SWITZERLAND,2000,0.0037216962028717906,0.1904679299448634,0.023329467345808243,0.016589044570374592,,,0.03236647718636958,0.03810428911421964,0.04819545351470584,0.033912759067357516,0.04199872727272727,0.0002673031026252983,0.029062917344090607,0.009450312031273072,0.053683630692886376,0.04822638384132595,0.0025949128112568577,0.016831747865410116,0.0004379641964269421,,,,,,0.034361471861471864,0.03743961352657005,,0.03984238178633975,0.06287683031869079,,,,,,,,,0.9466666666666667,0.7076923076923078,0.015774907333932355,,,0.021373435012568293,,,,,,,,,,,,,,,,,,,,,,0.02087817927229409,,,,,,,,,,,,,,,,,,,,,,,,,0.027967942023543902,,0.016864175022789425,0.018168335187245088,0.015297906602254429,0.02510460251046025,0.016580029246266784,,,,,0.01656309275639942,,0.139637204463932,0.034261419558475045,0.005189775277868687,0.019850447562641198,,,,,0.996437054631829,0.10021233669524053
HUN,HUNGARY,2000,0.011514417494083481,0.01359537682357303,0.02353780150379762,0.007561480349019486,,,0.07451013770252607,0.023510449970668847,0.009575949982182773,0.02085559585492228,0.028019281818181817,2.386634844868735e-06,0.005401497187779043,0.0012318046521026167,0.03430727174406172,0.025572112297518254,0.012182985891520533,0.005773562779525716,0.003996423292395847,,,,,,0.012987012987012988,,0.030268088786393775,0.005691768826619965,,,,,,,,,,1.0,1.0,0.037544045445749664,,,0.005201229599922061,,0.034302688332474296,,,,,,,,,,,,,,,,,,,0.019531298875167347,0.004848586177349579,,,,0.03786520792956787,,0.03238677600460487,0.16068934492447778,0.25168010127147833,0.33225654241225366,0.004203303410268827,,0.0216727798922683,0.10957096093354808,0.023819033693270028,0.06909935530883439,,0.19295999196575403,0.03076109708465506,,0.006330079316656498,,0.2984908380107891,,,,0.006028636021100226,0.0036463081130355514,0.01942899517982944,0.005032206119162641,0.005230125523012552,0.01880626248414452,,,,,,,0.07703435804701628,0.014031668518448503,0.007453168644252543,0.009030202313193444,,,,,0.994061757719715,0.09967485299712944
BDI,BURUNDI,2000,0.0,0.0,3.145845785639568e-05,,,,,,,0.0,0.00015021290909090907,,1.2595077442181483e-05,,,,9.790249028865745e-05,3.728781819534796e-05,0.0013321410974652822,,,,,,,,,,,,,,,,,,,0.6666666666666666,0.6307692307692309,0.033675796518165955,0.15302893443404122,,,,,,,,,,,,,,,,,,,,,,,,,,,,,,,,,,,,,,,,,,,,,,,,,7.530706066003554e-05,,,,,,0.0005950264034375432,,,,,,,0.00043011564074025167,0.00017342922758134527,0.004940864952706965,,,,,,0.3847980997624703,0.09877974048873894
BEN,BENIN,2000,,,3.458347022623631e-05,,,,,,,,0.0004923425454545455,,4.80769143796686e-05,,,,0.0010243230700350578,0.00011455598669147577,0.00020073359002901513,,,,,,,,,,,,,,,,,,,0.7333333333333334,0.5230769230769232,0.004301665614126144,0.1307812501180494,,,,,,,,,,,,,,,,,,,,,,,,,,,,,,,,,,,,,,,,,,,,,,,,,0.00023663565941170258,,,,,,0.00020227214074942804,,,,,,,0.002366175016102387,0.0005824880386276406,0.004593597074256928,0.0008662060439999201,,,,,0.2589073634204275,0.09771544265369551
SWE,SWEDEN,2000,0.03838587022239966,,0.03437117771924514,0.00840760951362286,,,0.022864090950542603,0.007674383561809981,,0.022897694300518134,0.05785477272727273,4.7732696897374704e-05,0.027901809593488404,0.012539538209259129,0.07993547184935848,0.10706864759147582,0.00825104653378425,0.03259935203013959,0.002080329933027975,,,,,,,,,,,,,,,,,,,0.9866666666666667,0.8769230769230771,0.036401401453955984,,0.02153566081169324,0.027777005570694367,,0.06967012994059084,,,,,,,,,,,,,,,,,,,0.03951303129261915,0.04161006499613367,,,,0.03745179619132034,0.055036344755970926,,,0.0983952938548318,0.22812239120177127,0.00780627784025646,,0.013762074742524518,,0.048433424446289085,0.0345319663586588,,,0.03145163030577674,,0.054575960951799875,0.013405900887997708,,,,,0.012496860085405678,0.009115770282588878,0.020467185761957732,0.020933977455716585,0.03138075313807531,0.02149263101921902,,,,,0.01868203842469998,0.004216771612375258,0.10115209546626854,0.023359038748382487,0.006473279018741094,0.022265775264138803,,,,,0.996437054631829,0.09520048633052912
MDG,MADAGASCAR,2000,0.00014203482156395692,,0.0007356279118604845,,,,,0.0,,,0.000590236,,0.00021114653387656825,,,,0.000261881855366167,0.00024542354640744553,0.019872625412872498,,,,,,,,,,,,,,,,,,,0.4133333333333334,0.32307692307692315,0.03959942457784625,0.2765842121515276,,,,,,,,,,,,,,,,,,,,,,,,,,,,,,,,,,,,,,,,,,,,,,,,,,,,,,,0.0015438165549412233,,,,,,,0.0071955436138876686,0.0018133233162302682,0.01147765623381512,0.0011187697137529662,,,,,0.6033254156769596,0.09450707746284245
CZE,CZECH REPUBLIC,2000,0.01241940963418356,0.02306486120606673,0.02014528807509863,0.0046887103632400964,,,0.07847037723804602,0.026096293835598933,,0.012370827720207254,0.03950917272727273,5.966587112171838e-05,0.0077515130381411584,0.0005712154064955351,0.0031488364666775676,0.053301529089776374,0.009660871618564885,0.008061241033439118,0.0004197156882424862,,,,,,0.025162337662337664,0.033816425120772944,0.029979821274142403,0.006567425569176883,0.08527131782945736,,,,,,,,,0.9866666666666667,0.9846153846153846,0.005570514464806895,,0.05247709568693151,0.003912891140672727,,,,,,,,,,,,,,,,,,,,,0.06981719905408956,0.010909318899036553,0.0,,,,,,,,0.1911001415556604,,,0.012389964866026115,,,,,,,,,,,,,0.020671717434141597,0.029954785229841747,0.02643573381950775,0.025658138672599185,0.012077294685990338,0.007322175732217573,0.021944460472145964,,,,,0.016101634833887355,,0.1271083347032714,0.02342977640801482,0.007552895908422202,0.011331878705453475,,,,,0.996437054631829,0.09372777078760584
UGA,UGANDA,2000,1.2476031623861082e-05,4.0816743027990084e-05,0.0009752121935482661,,,,,,,6.0466282383419694e-05,0.0017331890909090908,,0.0003642321832595774,,,,0.00018963858492032783,0.0003226073678310034,0.00014598806547564736,,,,,,,,,,,,,,,,,,,0.4533333333333333,0.4153846153846154,0.0006949267546800552,0.20714126824611995,,,,,,,,,,,,,,,,,,,,,,,,0.0006060732721686974,,,,,,,,,,,,,,,,,,,,,,,,,,,,,,,,,,,,,,0.012052939797285098,0.0035861554203951308,0.017704838990705206,0.001965172552014955,,,,,0.6128266033254157,0.09100739755893224
GIN,GUINEA,2000,1.7274505325346113e-05,,0.00010895876462844332,,,,,,,0.0,0.00037876018181818183,,0.00016564900592989853,,,,8.913510309862844e-05,6.029193183007487e-05,0.0017153597693388566,,,,,,,,,,,,,,,,,,,0.2933333333333334,0.27692307692307694,0.0077582986944997375,0.7516182346631028,,,,,,,,,,,,,,,,,,,,,,,,,,,,,,,,,,,,,,,,,,,,,,,,,,,,,,,,,,,,,,0.0018407821686510213,0.0007776264100271852,0.005386421129400755,,,,,,,0.08934488017227077
TGO,TOGO,2000,,,1.2708383637351898e-05,,,,,,,,0.0004478696363636364,,0.0005994438330458926,,,,0.0005753743966576382,0.0007910727346967244,0.00010949104910673552,,,,,,,,,,,,,,,,,,,0.5333333333333333,0.3692307692307692,0.0018899727639514123,0.10247724034555583,,,,,,,,,,,,,,,,,,,,,,,,,,,,,,,,,,,,,,,,,,,,,,,,,0.00019234655702951044,,,,,,0.0009524065415248137,,,,,,,0.002023915076415595,0.000491016927034104,0.0037179285958067318,0.0002154931118184872,,,,,0.4916864608076009,0.08874981431319695
TCD,CHAD,2000,1.4395421104455095e-05,,3.250012864634256e-05,,,,,,,,5.266424545454545e-05,,5.940481441608763e-05,,,,0.0005070472258233453,2.1945296179500678e-05,0.0003467216555046625,,,,,,,,,,,,,,,,,,,0.05333333333333338,0.12307692307692303,0.00037341437645349346,0.7221898009851714,,,,,,,,,,,,,,,,,,,,,,,,,,,,,,,,,,,,,,,,,,,,,,,,,,,,,,,,,,,,,,0.000323395218601693,8.0982424130811e-05,0.005667419625209658,0.00027574337144437613,,,,,0.4501187648456057,0.08477965350275016
HTI,HAITI,2000,,,2.520843311671442e-05,,,,,,,,0.0004887337272727273,,,,,,0.00041729840562141485,0.00015411911051632402,0.001350389605649738,,,,,,,,,,,,,,,,,,,0.25333333333333335,0.30769230769230776,0.04713311462491306,,0.0002506447506414527,,,,,,,,,,,,,,,,,,,,,,,,,,,,,,,,,,,,,,,,,,,,,,,,,,,,,,9.080347297278777e-05,,,,,,,,,0.005078089976004612,,,,,,0.39073634204275537,0.08389586543125876
GEO,GEORGIA,2000,0.0009596947402970063,,0.003579180834257469,,,,,0.005524806182497976,,0.00020538251295336787,0.0018564936363636363,,0.0007169420789481633,,,0.005124425644341176,0.0012230505130090491,0.00019097004732750178,0.008540301830325371,,,,,,,,,,,,,,,,,,,0.7466666666666667,0.6,0.1563008175814769,,,,,,,,,,,,,,,,,,,,,,,,,,,,,,,,,,,,,,,,,,,,,,,,,,0.002820046112579966,,,,,,0.007818550090787456,,,,,0.0013024677446616712,,0.008915467184817673,0.0020457819011599756,0.0038013886195092093,0.0017596456104796152,,,,,,0.07796760397662299
GAB,GABON,2000,,,0.00030854288798226495,,,,,,,0.00015430936960276337,0.0011193827272727274,,6.39208959804083e-05,,,,4.383693595014513e-06,0.00012058810480418499,0.0002554791145823829,,,,,,,,,,,,,,,,,,,0.18666666666666668,0.32307692307692315,0.002868610441501998,0.06189468989785313,,,,,,,,,,,,,,,,,,,,,,,,,,,,,,,,,,,,,,,,,,,,,,,,,0.00018088263349053056,,,,,,,,,,,,,,0.0005134578397450517,0.0006233054045667975,0.0005735650004558017,,,,,0.6543942992874109,0.07705118794015212
LUX,LUXEMBOURG,2000,,,,0.0,,,0.0,,0.00012074484846521518,0.0016043860103626944,0.0027538927272727273,1.6706443914081145e-05,0.001228275830222667,0.0009986555065942349,0.003867636879295256,0.0,,0.0008019974507620772,,,,,,,0.0013528138528138528,0.0,0.0014413375612568463,0.0,0.0,,0.2393364928909952,,0.11494252873563217,,0.009063444108761328,0.14954486345903772,,0.9866666666666667,0.8769230769230771,,,,0.001525987960504833,,,,,,,,,,,,,,,,,,,,,,0.053710631361156974,,,,0.0,0.0,0.0,0.0,0.0,0.0,0.0,,0.0,0.0,0.0,0.0,0.0,,0.0,0.0,0.0,,0.0,9.862104573115903e-05,,0.0017350479225216179,,,7.415647015202076e-05,,,,,,,,,,0.007579305939961678,0.0017977122465183046,,,,,,,0.996437054631829,0.0750787399450762
SDN,SUDAN,2000,0.001523995247591646,,0.0024660514281202362,,,,,,,0.0,0.00021138954545454544,,0.0006153942197097318,,,,0.0011850585018522567,0.0002410585309662773,0.03556634245150459,,,,,,,,,,,,,,,,,,,0.22666666666666666,0.19999999999999996,0.01453245949969074,0.11048474024652924,0.003456259193055821,,,,,,,,,,,,,,,,,,,,,,,,,,,,,,,,,,,,,,,,,,,,,,,,,,,,,,,,,,,,,,,0.026520621413233626,,,,,,0.4916864608076009,0.07434376651679843
IRL,IRELAND,2000,0.0041247679937965335,0.10883444388888322,0.03478784603522389,0.003607620525191822,,,0.010336504848466425,,0.012306550555279053,0.008739145077720207,0.022526927272727273,0.0028878281622911695,0.008492969555412507,0.0031747141980057974,0.010524353743972112,0.01711353688343421,0.017513148158322646,0.00551039007436318,,,,,,,,,,,,,0.23341232227488148,0.07843137254901959,0.19971264367816094,0.07430340557275542,0.0,0.317295188556567,,0.8266666666666667,0.6615384615384616,,,0.01265755990739336,0.011644536266377953,,,,,,,,,,,,,,,,,,,,,,0.00750276912788146,,,,0.01740628782717405,0.013865122197358606,0.00246010360965355,0.032634834199685804,0.030027737960049893,0.043156328263946865,0.0032928044568423494,0.024619940167287382,,0.01993150724755653,0.015139569534698754,0.0009513496007367899,0.0020100995244398687,0.0055737581440891805,0.008642454845601088,0.0029932832040629707,0.012324588163514338,0.0,0.04809225325965886,0.016295677497577984,,,0.0023863350916855063,0.0068368277119416595,0.009195402298850575,0.008655394524959743,,0.00635153882198169,,,,,0.006191602343794017,,,0.014636597469787092,0.0025774057419355907,0.00994114724508283,,,,,0.996437054631829,0.07375041233994614
PRT,PORTUGAL,2000,0.0032610427275292274,,0.03520451435120264,0.03439071909632116,,,,,,0.012228818652849742,0.06123607272727273,0.006515513126491647,0.006578752967278921,0.018484841419722862,0.14118976788112675,0.03160344433190861,0.0063958089551261746,0.020575809497061504,0.011843281811711893,0.033833911545646425,0.0,,,,,,,,,,0.0,0.0,0.018678160919540228,0.0,0.05287009063444109,0.0,0.0,0.96,0.8153846153846155,0.15689654051680993,,0.10202560534005237,0.029129447442211538,,0.0020481241353118304,,,,,,,,,,,,,,,,,,,0.004179022308972386,0.014148676043386486,,,,0.03786851522347385,0.05363228174864347,0.008242056176119728,0.02771935361548082,0.10963009847906621,0.07869042865957679,0.004108251321724305,0.02287990719824165,0.03034680896648048,0.09337225055090732,0.022721510414315037,0.0036029835942797575,0.004280654017747708,0.03314126464053026,0.025787099976262922,0.022873946594564723,0.009899328859060403,0.03870906139597059,0.028861904033896085,0.02650005511176085,,,0.014443607133885959,0.0068368277119416595,0.026028921023359287,0.032407407407407406,0.0,,,,,,,,0.11982224042817527,0.023749315491181575,0.007371524641718587,0.017630847748056025,,,,,0.9085510688836105,0.0736402017144005
AUT,AUSTRIA,2000,0.012953959604528992,0.32142164715966487,0.06874631378749207,0.020236509395444396,,,0.0576247074201295,0.019322563894867622,0.00728238686060449,0.012947226683937824,0.05486270909090909,0.0002863961813842482,0.013842601961362489,0.004185027161875451,0.02471284884520823,0.04396031971944009,0.006315207442225841,0.021478482045089065,5.474552455336776e-05,0.014391421431863945,0.053672910966112396,,,,0.054924242424242424,0.01570048309178744,,0.03765323992994746,0.02756244616709733,,,,,,,,0.22020725388601037,0.7600000000000001,0.6307692307692309,0.0011414439455919054,,0.023428688270485262,0.012466638151722787,,,,,,,,,,,,,,,,,,,,,0.06364876193336086,0.011285502309348158,,,,0.056577876849604115,0.05032688341889342,0.027353949596656463,,,0.16053863743602773,0.013638473883688261,0.12053544172415899,0.010629168574000859,,0.058325026656617616,0.01483194510510389,0.028585698877285876,,0.023607604497097603,0.03264323353529772,0.04252593044539353,0.05419650529934116,,,,,0.024114544084400905,0.04056517775752051,0.028698553948832035,0.030193236714975844,0.06171548117154812,0.018304055543115722,,,,,,,0.3460183311189744,0.06987685549149868,0.005892621640116232,0.020220001056753343,,,,,,0.07194547546331677
NGA,NIGERIA,2000,,,0.006246066390679463,,,,,,,0.0006008286269430052,0.0003039810909090909,,0.005179729185098707,,,0.010493782211542351,0.005475233300173126,0.0007155600482170361,0.004233653898793773,,,,,,,,,,,,,,,,,,,0.0,0.015384615384615314,0.003287826581323381,0.39640411005107395,,,,,,,,,,,,,,,,,,,,,,,,,,,,,,,,,,,,,,,,,,,,,,,,,0.0029292987532055794,,,,,,,,,,,,,,,0.08893988527700258,0.011829187057704903,,,,,0.5748218527315915,0.0704278506618046
EST,ESTONIA,2000,0.005790798062952136,0.03503096970377249,0.01054275006505234,0.000879267325067217,,,,0.0007120711604180581,,0.0016023886010362693,0.0048201754545454546,0.0,0.0012882163345965512,0.0005323572155774715,0.004211410989677629,0.005940862053874505,0.0010192087608408742,0.003001599747946985,5.474552455336776e-05,,,,,,,,,,,,,,,,,,,0.92,0.9076923076923079,0.0027529059868804952,,0.0012400319242261344,0.000972011980099258,,,,,,,,,,,,,,,,,,,,,,0.0,,,,,,,,,,,,,,,,,,,,,,,,,0.0026284904901919216,,,,,,0.0025709388694930423,,,,,0.002124204180517212,,0.009672750988376637,0.0017694171826653706,0.0007522121275120217,0.0019011875105883435,,,,,,0.06891083142617034
LAO,LAO PEOPLE'S DEMOCRATIC REPUBLIC,2000,,,0.00022104254162672726,,,,,,,0.0,0.00011578627272727272,,7.477848576215277e-05,,,,0.00017108094870143305,4.506151504950764e-05,0.00317524042409533,,,,,,,,,,,,,,,,,,,0.3866666666666667,0.12307692307692303,0.09528106832113037,0.0,0.0,,,,,,,,,,,,,,,,,,,,,,,,,,,,,,,,,,,,,,,,,,,,,,,,0.00018657054835279175,,,,,,,,,,,,,0.006579475722451444,0.001704533674175022,0.003889896566459781,,,,,,0.5475059382422803,0.06874670958861187
ETH,ETHIOPIA,2000,9.405008454910662e-05,,0.000621044124966328,,,,,,,0.0,0.00016348163636363636,,0.00036485871286758893,,,0.0009245590691742297,0.004597910088690889,7.813424494695536e-05,0.003448968046862169,,,,,,,,,,,,,,,,,,,0.42666666666666675,0.27692307692307694,0.00614503658390848,0.29957629574528916,0.007921693303168017,,,,,,,,,,,,,,,,,,,,,,,,,,,,,,,,,,,,,,,,,,,,,,,,,,,,,,0.0014835665538825353,,,,,,,0.0047194142234607064,0.0015011019219909967,0.048984418517597564,0.002798250448428604,,,,,0.27315914489311166,0.06800858358945011
BFA,BURKINA FASO,2000,,,0.00041166829618700577,,,,,,,0.0,0.00022729854545454545,,7.971556640281945e-05,,,,0.000987003225229501,6.834718613185216e-05,0.0004379641964269421,,,,,,,,,,,,,,,,,,,0.43999999999999995,0.3846153846153846,0.002499696238305175,0.0,,,,,,,,,,,,,,,,,,,,,,,,,,,,,,,,,,,,,,,,,,,,,,,,,0.00024888092422762796,,,,,,,,,,,,,,,0.008447363283968575,,,,,,0.08669833729216152,0.06605154709784858
KHM,CAMBODIA,2000,1.7274505325346113e-05,,0.00038250151406849317,,,,,,,,0.0010887045454545455,,7.29089591762958e-05,,,,,4.333941218340437e-05,0.004908848701618643,,,,,,,,,,,,,,,,,,,0.3466666666666667,0.476923076923077,0.05083965732680709,0.0,,,,,,,,,,,,,,,,,,,,,,,,,,,,,,,,,,,,,,,,,,,,,,,,,0.0001185091592780034,,,,,,,,,,,,,0.008406658707551008,0.00227531341051869,0.008767937190242337,,,,,,,0.06432224264442625
MLI,MALI,2000,0.0006218821917124601,,0.0005377104617705779,,,,,,,,0.00010020281818181818,,7.303486137867902e-05,,,,0.0011601298976086074,0.00012469384513462346,0.002500045621270461,,,,,,,,,,,,,,,,,,,0.21333333333333337,0.23076923076923075,0.003941551749742364,0.38810811090847686,,,,,,,,,,,,,,,,,,,,,,,,,,,,,,,,,,,,,,,,,,,,,,,,,0.00018936822885662268,,,,,,0.000627285285539371,,,,,,,0.0013075946672128453,0.0005861468830913821,0.007804522570331754,0.0009424588941211071,,,,,0.2921615201900237,0.06360493462094541
MRT,MAURITANIA,2000,3.646840013128624e-05,,7.520863103416451e-05,,,,,,,,0.00014437709090909091,,0.00014862332625784126,,,,5.991047913186501e-05,3.8317692806253887e-05,0.0008759283928538842,,,,,,,,,,,,,,,,,,,0.21333333333333337,0.4307692307692308,0.0011942459784701712,0.0,,,,,,,,,,,,,,,,,,,,,,,,,,0.0,,,,,,,,,,,,,,,,,,,,,,,7.231570531953906e-05,,,,,,,,,,,0.0,0.0,,,0.0016944347037865517,,,,,,0.28741092636579574,0.05505019534523886
SEN,SENEGAL,2000,0.00014683329526544197,,0.00014187556159076463,,,,,,,,0.0022764427272727273,,0.0009818677665233786,,,,0.0011119969419353482,0.00031924751723591137,0.0012773955729119145,,,,,,,,,,,,,,,,,,,0.37333333333333335,0.21538461538461534,0.008781738096916732,0.044416147366232894,0.006431016628300431,,,,,,,,,,,,,,,,,,,,,,,,,,,,,,,,,,,,,,,,,,,,,,,,0.0010687538088581076,,,,,,,,,,,,,0.009534769028439914,0.002314828930727098,0.007484179514206535,0.0015438005429524498,,,,,0.25653206650831356,0.051837828251423995
AFG,AFGHANISTAN,2000,,,0.00017104234370927718,,,,,,,,0.0,,,,,,0.00014173942623880257,,0.043522692019927374,,,,,,,,,,,,,,,,,,,0.09333333333333334,0.015384615384615314,0.06266431257603419,,,,,,,,,,,,,,,,,,,,,,,,,,,,,,,,,,,,,,,,,,,,,,,,,,,,,,,,0.0014436785843118516,,,,,,,,,0.019851437571937282,,,,,,0.24465558194774348,0.04811684331878509
SLE,SIERRA LEONE,2000,2.2072979026831147e-05,,1.3125051953330649e-05,,,,,,,,0.00011259636363636365,,,,,,0.0,3.8290055611713586e-05,0.0005292067373492217,,,,,,,,,,,,,,,,,,,0.26666666666666666,0.046153846153846115,0.010871018534213567,0.1401365908455834,,,,,,,,,,,,,,,,,,,,,,,,,,,,,,,,,,,,,,,,,,,,,,,,,7.23071809742319e-05,,,,,,,,,,,,,8.300477277443452e-05,8.17141930235593e-05,0.0037194214267672956,,,,,,0.24465558194774348,0.04754369619394468
CAF,CENTRAL AFRICAN REPUBLIC,2000,2.2072979026831147e-05,0.00015986557685962783,2.2916757378831292e-06,,,,,,,,4.640363636363636e-05,,2.5738832582918604e-05,,,,1.315108078504354e-05,1.3037764669258813e-05,,,,,,,,,,,,,,,,,,,,0.17333333333333334,0.030769230769230715,,0.07828863501867042,,,,,,,,,,,,,,,,,,,,,,,,,,,,,,,,,,,,,,,,,,,,,,,,,1.9051858818627282e-05,,,,,,0.0,,,,,,,,,0.002321462182248323,,,,,,0.3657957244655582,0.046486428512420346
NER,NIGER,2000,,,2.2708423220841917e-05,,,,,,,,1.8711809090909092e-05,,1.8531394235211167e-05,,,,0.0001278285052306232,2.8756755758794553e-05,0.0011861530319896348,,,,,,,,,,,,,,,,,,,0.09333333333333334,0.0,0.003961652523622159,0.36967783387904984,0.0008047015678488744,,,,,,,,,,,,,,,,,,,,,,,,,,,,,,,,,,,,,,,,,,,,,,,,,,,,,,0.00036206103223114863,,,,,,,0.0009955182812622116,0.0002166035922534945,0.007598835087981836,0.0005256711714655225,,,,,0.0,0.02816934708168085
SOM,SOMALIA,2000,,,0.0003606264274796088,,,,,,,,9.726224242424241e-05,,,,,,1.0228618388367196e-05,0.0,0.003631453128706728,,,,,,,,,,,,,,,,,,,0.12000000000000004,0.061538461538461514,0.004500173256670382,,,,,,,,,,,,,,,,,,,,,,,,,,,,,,,,,,,,,,,,,,,,,,,,,,0.00013122371229849983,,,,,,,,,,,,,,,0.005278883435205464,,,,,,,0.019554831235963487
HKG,HONG KONG,2000,,,,,,,,,,0.006851062176165803,0.049521327272727275,0.0033078758949880668,0.01464600956726581,,,0.022703551939698446,,0.014957805752500662,,,,,,,,,,,,,,,,,,,,,,,,,,,,,,,,,,,,,,,,,,,,,,,,,,,,,,,,,,,,,,,,,,,,,,,,,,,,,,0.013986105605450515,,,,,,,,0.010036454287007078,0.004950983884218007,0.018865604592206674,,,,,,0.015982678097222834
AGO,ANGOLA,2000,,,0.002141883478288768,,,,,,,0.0001476211139896373,0.00022123154545454547,,7.53001072202752e-05,,,,3.653077995845427e-05,0.00011053742408878184,0.001350389605649738,,,,,,,,,,,,,,,,,,,0.09333333333333334,0.10769230769230763,0.0012704489122831232,0.0,,,,,,,,,,,,,,,,,,,,,,,,,,,,,,,,,,,,,,,,,,,,,,,,,0.00031851798024175624,,,,,,,,,,,,,0.004564723510562896,0.0015823282690860573,0.008464523145010115,,,,,,,0.014753978459831674
