country,year,education,innovation,competitiveness,military,trade_share,reserve_currency_proxy,financial_center_proxy,debt,mask_education,mask_innovation,mask_competitiveness,mask_military,mask_trade_share,mask_reserve_currency_proxy,mask_financial_center_proxy,mask_debt
USA,2000,13.14901424590337,99.94469427953153,74.53169325055333,3.4297589129152457,69.47527689304435,62.302304187458724,78.59157684219514,62.712800217929825,False,False,False,False,False,False,False,False
USA,2001,13.07258868146981,99.23468790213688,72.97433775933115,3.594274199778582,68.79389261352932,59.32267109854039,78.36685182642445,60.554612948549334,False,False,False,False,False,False,False,False
USA,2002,12.819808393024358,99.88332250008268,74.97300555052414,3.18268672131323,64.93526947261914,56.33746905008693,76.01544185330471,60.984306179345616,False,False,False,False,False,False,False,False
USA,2003,13.221539973998624,100.06854731247599,74.76870343522351,3.4096688913232134,57.236167374241276,63.171366678656746,80.97225190818439,58.07458859791842,False,False,False,False,False,False,False,False
USA,2004,12.796923399908213,100.24467051553634,77.06199904499191,3.7793840357348594,54.96469486066417,59.072362872446355,78.56247728646413,59.07170511668092,False,False,False,False,False,False,False,False
USA,2005,13.24375774671826,100.54249601142833,75.72327205009528,3.3064640736184625,59.78504376534029,64.69393096744201,80.26114120471452,58.50496324767066,False,False,False,False,False,False,False,False
USA,2006,12.934098433648746,100.1428450286047,73.38301279421363,3.349472886924639,65.49241270621245,60.98625332897905,80.29123264804412,64.84322495266444,False,False,False,False,False,False,False,False
USA,2007,12.789384071836794,99.8689351413609,75.59224055412915,3.578316581653967,51.50777554769751,58.73806403170392,79.51614286500197,62.02025428407269,False,False,False,False,False,False,False,False
USA,2008,12.031083907839482,83.97498617230256,54.08346775274546,3.771409504354454,41.045739256559386,67.38972633745585,47.65375026339398,76.2695935224684,False,False,False,False,False,False,False,False
USA,2009,13.342846844354506,100.3007732130747,77.8055886218722,3.0794446811623155,54.05678204921587,58.30110681119169,75.3480097068016,60.34281487403014,False,False,False,False,False,False,False,False
USA,2010,12.72417272972986,100.61997376200702,73.43349341532753,3.403381545138297,64.88110330421802,56.30740705069813,75.17755029631631,60.92316929266152,False,False,False,False,False,False,False,False
USA,2011,12.293286947978055,88.27520165086561,62.355984167611716,3.8044411260881534,42.499087269602086,60.69676109148301,56.61545219392722,66.58532663364443,False,False,False,False,False,False,False,False
USA,2012,13.559732353343428,100.18953316836472,73.05063665954536,3.7361253811227355,65.78025677546593,61.238342780809496,79.26383565199139,56.23131917821255,False,False,False,False,False,False,False,False
USA,2013,12.976869487175769,100.13646078992666,75.02600378375581,3.9360602231471953,63.75400408659004,57.42852733075115,76.78732250581666,62.41236207621593,False,False,False,False,False,False,False,False
USA,2014,12.932961164402245,100.28560019763684,75.94647524914708,3.478151326202938,54.91923769158957,55.4554583259424,80.64228123239062,53.77130610644006,False,False,False,False,False,False,False,False
USA,2015,12.73484276913966,100.06149004237821,75.116417436892,3.157108910650813,66.49830745905166,63.16140615610471,81.54510580162598,62.56892975456105,False,False,False,False,False,False,False,False
USA,2016,13.154514305891814,101.54109259626189,76.9080035269864,3.6954173753917394,55.36304871277457,59.28954417977997,86.94397570002053,50.66367403704126,False,False,False,False,False,False,False,False
USA,2017,12.85842044026317,100.43558023878694,73.56939258148006,3.7038793246804027,60.27343103942288,58.04519895718255,73.92457224002717,60.93227157384714,False,False,False,False,False,False,False,False
USA,2018,12.76224377847019,99.95410542341324,76.00997455796092,3.759726558251036,57.150328133034265,58.04001230227887,76.21734813699487,64.58930973527389,False,False,False,False,False,False,False,False
USA,2019,13.63664685910379,100.41298610422047,77.53382229837325,3.2876991603143657,62.66291656887737,62.32390216028801,70.27619797979278,54.87806179332855,False,False,False,False,False,False,False,False
USA,2020,12.275648285973336,81.53091362802891,56.85425900203653,3.345473076564324,34.63100677997586,61.38631042278981,44.11517344023354,73.75325865992782,False,False,False,False,False,False,False,False
USA,2021,13.475805044843606,99.50487380046926,74.69642980992883,3.6764951619453727,61.685951206410195,58.13190144053822,78.23190572916737,64.24801048510513,False,False,False,False,False,False,False,False
USA,2022,13.269879962629975,100.12291980835064,73.34200997815586,3.3319456879409093,59.87459043621511,60.35198214992634,81.64129214351011,58.98903673783053,False,False,False,False,False,False,False,False
USA,2023,13.247624904696409,100.32540385440025,77.61095761430866,3.5063011524898275,61.944998114930655,59.60957083689695,77.54533795029958,70.4619363784273,False,False,False,False,False,False,False,False
CHN,2000,8.579055436750034,100.31666507758517,49.963259681459256,3.2308236885542505,87.800957867342,0.4558827855493584,32.064657271378124,42.7451017887841,False,False,False,False,False,False,False,False
CHN,2001,8.122483285554361,99.79722272985155,48.586885083145035,3.569614981207291,68.4153252680214,0.1,26.40777889373782,44.14621139315261,False,False,False,False,False,False,False,False
CHN,2002,8.428829811601009,99.93602458801463,49.94446059202283,3.4134024083239587,82.58174848270471,0.25183071693430314,29.456199257715713,46.606846888395765,False,False,False,False,False,False,False,False
CHN,2003,8.112046240905208,100.00503696031272,50.07353052277683,3.649399487373635,97.22545966009245,0.2697957311335851,40.94901466608836,41.76680685857939,False,False,False,False,False,False,False,False
CHN,2004,6.938052137845096,99.7896979913277,51.02526792733148,4.062851251764766,72.81268262921314,0.6475757514519517,23.398833964896788,52.325835063417415,False,False,False,False,False,False,False,False
CHN,2005,8.589720060360644,99.81232973915812,44.86059641272737,3.9061617122496237,79.08368123797905,0.8713448935920385,30.026218498590914,45.18792237505897,False,False,False,False,False,False,False,False
CHN,2006,7.774967264260378,100.249139972939,50.3608868951357,3.6543316502176246,67.72708663411503,0.8833030465695527,37.75575987761262,45.462698537171434,False,False,False,False,False,False,False,False
CHN,2007,9.030373962440994,100.70213633697728,51.93612784875544,3.9105894672597046,88.46739589479671,0.1,28.652965827777212,47.87016902318385,False,False,False,False,False,False,False,False
CHN,2008,8.109163150962795,83.5362859100398,34.11628803827025,3.762002545557496,43.15311497578307,0.4732639881461635,19.099794738290544,51.13819625981632,False,False,False,False,False,False,False,False
CHN,2009,7.968660451363414,100.3820569282005,48.40922714488268,3.262138150321297,79.14375712036353,0.18942730327418777,39.82362566458195,45.14105420788692,False,False,False,False,False,False,False,False
CHN,2010,7.650137246003707,100.08559196429368,49.66301585092751,3.433709120140033,75.75599081911578,0.32725452780659603,22.42404468900724,50.4674970697781,False,False,False,False,False,False,False,False
CHN,2011,7.790981772636209,88.10956005439932,40.68532272495732,3.4061381398890647,56.20138746867144,0.1,18.736994905151157,47.99509342294005,False,False,False,False,False,False,False,False
CHN,2012,8.843570817536282,100.35265590277979,50.23210492294285,3.2416147396015207,71.70203076538834,0.44289839657491753,34.630887737658206,52.63766656188052,False,False,False,False,False,False,False,False
CHN,2013,7.300716213090429,100.22518769467622,48.04807229263452,3.3538623848705913,80.38817302355862,0.25071496507668867,28.80525976566795,41.36974535183361,False,False,False,False,False,False,False,False
CHN,2014,7.711614334715834,100.3021564903303,50.29799691628768,3.725416137011537,74.69900992843323,0.6711796005779478,21.862287810584185,45.192339786645526,False,False,False,False,False,False,False,False
CHN,2015,8.319296229388687,99.33539197509242,48.04449167659352,3.5142196013949243,88.05034247371552,0.32693243914305536,32.64902088957641,50.7662744826316,False,False,False,False,False,False,False,False
CHN,2016,8.28853606359027,99.9187818455828,51.11343762011393,3.318804443985254,80.6927182997832,0.45329682938237614,31.68801331037601,43.35249213551013,False,False,False,False,False,False,False,False
CHN,2017,8.197226071189148,99.8316062076719,52.61337411029508,3.402192940349648,63.69500371857717,0.19757410672477876,30.092091895947757,51.70574924910113,False,False,False,False,False,False,False,False
CHN,2018,8.414702790591745,99.11554587639685,45.564241262660474,3.843126212962079,85.06225492885028,1.1812078573413187,27.70319550229878,41.60062252214083,False,False,False,False,False,False,False,False
CHN,2019,8.035783118609697,99.80893702129396,53.112619832773696,3.346995080343576,77.84100051765303,0.20637088526530778,33.78494308322676,41.3113387032895,False,False,False,False,False,False,False,False
CHN,2020,7.4681128809667845,82.61558902651905,32.60460265489963,4.304206489856963,52.63343936675748,0.16235328581048708,16.800835685163456,60.836894449405364,False,False,False,False,False,False,False,False
CHN,2021,7.604762772277344,100.1885873428544,54.77955987991819,3.3466352970706446,72.08316143793135,0.4622639239701056,30.278624561443472,49.37676607388379,False,False,False,False,False,False,False,False
CHN,2022,7.920996050710506,99.82924757202103,46.9636868742195,3.003542998440269,69.68031280207157,0.11147636838091518,28.702043243181976,38.98742818752758,False,False,False,False,False,False,False,False
CHN,2023,6.651556678529214,99.97828205339287,55.54686828483604,3.8379695088643273,77.84889047556136,0.1680422273774989,42.8667990162493,45.23687373605795,False,False,False,False,False,False,False,False
DEU,2000,13.059425428230357,99.94225583523043,74.934493459568,1.391315045773247,77.96018226063316,0.9511978965748066,36.23042596248815,49.63304883795925,False,False,False,False,False,False,False,False
DEU,2001,12.577746491584653,99.68887332496365,76.87135678629492,1.7543110189988318,85.77337651234588,0.16128446863483126,27.37739866860113,62.44687280613959,False,False,False,False,False,False,False,False
DEU,2002,12.92790238055256,99.85007167698016,74.27806766836184,1.7318659606728497,84.74481006374707,0.40713606820580295,31.63066511121059,53.74443211807348,False,False,False,False,False,False,False,False
DEU,2003,12.843183093844289,100.41960369033475,71.8867416529522,1.621201990269128,63.344564736930224,1.0089369104870114,27.275404565955252,61.99568057176035,False,False,False,False,False,False,False,False
DEU,2004,13.034268294598611,100.06012070458475,75.61560353778412,1.1579663214686748,81.36692350502354,0.44480499909419624,27.301201598453193,56.108476372988434,False,False,False,False,False,False,False,False
DEU,2005,13.058753576529304,99.60865088895399,77.05831127465129,1.5945194964826086,82.048237874511,0.7948072951836542,20.795628843341774,53.60211516632149,False,False,False,False,False,False,False,False
DEU,2006,13.155297706140736,99.70970247473862,73.7769643940161,1.2186677806303554,72.19301397618133,0.8160925389823519,32.466589504404446,60.92418061847437,False,False,False,False,False,False,False,False
DEU,2007,12.827308652128668,100.04880392585814,77.29854665257135,1.3593647149748225,79.7200920760243,1.031240190690653,33.538759677277376,57.18766612052866,False,False,False,False,False,False,False,False
DEU,2008,12.131619549571946,83.4724044941168,56.88686118776793,1.7540651730709467,56.46827630947244,0.683175723585147,20.50176646364671,77.24691649121631,False,False,False,False,False,False,False,False
DEU,2009,13.128885465739776,100.08307507486525,72.83788691918348,1.7106305706665808,79.68355876914676,0.7044502092117874,34.69141902987999,57.41977635891313,False,False,False,False,False,False,False,False
DEU,2010,12.869651131770306,99.87633115061254,77.51151225114704,1.3210785395560993,91.57582307482986,0.5589664329534724,31.335251329346296,64.44815397811719,False,False,False,False,False,False,False,False
DEU,2011,12.24320408497567,88.375049092023,60.651646941835395,1.888781657319343,58.091344669883306,0.9360153431353102,19.529346140164495,69.137470807723,False,False,False,False,False,False,False,False
DEU,2012,12.69875776997438,99.69288097395835,74.93063022522644,1.5468429465073041,87.87457918781267,0.43580334673234733,24.386389892188507,61.912048730920255,False,False,False,False,False,False,False,False
DEU,2013,13.049935662463916,100.19698050560326,73.72452003149736,1.3938006089996364,74.90090298154786,0.8567049593322655,37.102521239949276,57.146268531252616,False,False,False,False,False,False,False,False
DEU,2014,12.83433308671571,100.25317272710221,78.09501040266012,1.8591755346191043,75.09769047612491,0.38368953201920475,31.429326953624525,61.67228394993513,False,False,False,False,False,False,False,False
DEU,2015,12.946915831751785,99.68068110218462,74.93374605425241,1.8589115727035574,75.85910960771062,0.5671363854916696,42.63466212936811,57.3456561353984,False,False,False,False,False,False,False,False
DEU,2016,13.204567446887893,100.73868293029442,76.18130966138462,1.7217407161165816,86.56385744957892,0.6521822093321893,36.91079495518763,63.24354943794821,False,False,False,False,False,False,False,False
DEU,2017,12.949864575904943,100.05868547457332,75.7373466177458,1.4213322375345279,81.52879254415923,0.5139309644468446,33.22742090570538,70.8162736165273,False,False,False,False,False,False,False,False
DEU,2018,13.074815105113226,100.63098131190539,76.21579301943308,1.5373218246312716,76.42853108359577,0.5582269978694923,30.66484837073438,56.499395925304135,False,False,False,False,False,False,False,False
DEU,2019,12.832323445818524,100.15088475002581,78.13104805846868,1.4868499477854025,68.41588879667005,0.1,24.893835914346433,63.541782236496765,False,False,False,False,False,False,False,False
DEU,2020,11.480476899162847,82.28616600367587,55.69929371981965,1.6133796616960947,43.38931112486533,0.29242757903562666,15.836600840895093,78.43555176786579,False,False,False,False,False,False,False,False
DEU,2021,12.624538172742866,100.5775058416293,75.68545069275541,1.5913506438307568,85.14178207894035,0.8987457590397294,30.98260584850735,63.54501878794256,False,False,False,False,False,False,False,False
DEU,2022,12.797082309382219,100.72037617316433,75.25620882982157,1.363789668505024,76.43053253428177,0.1,27.738468403754617,47.88060336685522,False,False,False,False,False,False,False,False
DEU,2023,13.23574004759525,100.17018302471399,73.06604771374157,1.490457728771604,79.97117968727545,0.15249059324223718,28.89517913085168,60.134429194972654,False,False,False,False,False,False,False,False
JPN,2000,12.92584678524382,99.72720630080089,72.99675998021017,1.443779941422809,56.57292606130322,5.572582781356159,84.198066309758,64.62316841456385,False,False,False,False,False,False,False,False
JPN,2001,13.017889110976052,99.74122528891778,76.79038644005547,1.627034360336394,67.90436439380595,5.1975996046924,85.20789140949574,60.98955391731324,False,False,False,False,False,False,False,False
JPN,2002,12.804574598915666,99.80644566637827,76.045670976071,1.3852599992122843,70.36525902060427,5.4363236696740325,80.1140104345046,60.600156633591304,False,False,False,False,False,False,False,False
JPN,2003,12.922787038772997,99.33256637044896,74.03362707540126,1.8147973526580066,61.346710911359835,6.047098302612154,83.23604250029389,59.80745765249647,False,False,False,False,False,False,False,False
JPN,2004,13.195696863524025,99.3694431372063,77.95308069945179,1.7760182708294903,62.964181117696434,5.260673765823907,79.92333778702566,65.86364509629682,False,False,False,False,False,False,False,False
JPN,2005,13.231509613194504,98.86058295174797,74.27511811719374,1.2760660210747712,52.231911145674566,6.16082678737852,79.85923826336244,62.385204136115604,False,False,False,False,False,False,False,False
JPN,2006,13.023046567318076,99.48680311032457,71.8868362026805,1.4143769678068174,57.908087193552845,4.650742295681571,79.03509484634785,70.3837399178042,False,False,False,False,False,False,False,False
JPN,2007,13.309085036209552,100.09551566361061,74.85679748117187,1.4925555526980316,64.39584046329348,4.919283419891418,82.74898302410745,61.73244237948996,False,False,False,False,False,False,False,False
JPN,2008,12.53639141851948,83.95309788493985,58.68443788144103,1.3953803197408854,38.25502264036111,6.914031353866786,49.566121915239755,77.47322770543015,False,False,False,False,False,False,False,False
JPN,2009,13.721024675571483,99.97695248118657,77.21105186591596,1.737406061112076,69.80058919380657,3.853654606981312,79.80758496022102,61.6438120515174,False,False,False,False,False,False,False,False
JPN,2010,13.484113380717593,100.18141372060559,77.37894097784928,1.2544784369726014,58.21461897984005,6.37570681331162,79.48078452714839,60.077895237907335,False,False,False,False,False,False,False,False
JPN,2011,12.66965042782944,87.70186960539195,60.452102733789225,1.3095049637976104,53.08758913022184,6.009817089342635,58.06170752268235,68.88349483729912,False,False,False,False,False,False,False,False
JPN,2012,12.583128259970922,99.34184050121725,77.76854563702103,1.6127818240104719,64.55357153872059,5.281191423969376,77.73810623339998,58.59662461566613,False,False,False,False,False,False,False,False
JPN,2013,12.703422667854724,99.55856427311369,76.83663321200463,1.1858998792753646,54.105075638770145,4.775366850002976,80.31612651843788,53.32987252540898,False,False,False,False,False,False,False,False
JPN,2014,12.522101879940498,100.17618989518417,75.44782826812933,1.772828085994769,60.7337850181937,5.543298029036388,77.89402493657974,56.68549541224526,False,False,False,False,False,False,False,False
JPN,2015,12.626841029382614,99.72283792088163,74.41010064341594,1.7495484145347469,54.987917680441456,7.145149127773388,81.9013306427963,62.06899548725749,False,False,False,False,False,False,False,False
JPN,2016,13.013143441593733,99.9411991993486,73.88501642998433,1.2260394040841844,55.17795259218161,6.6391168054440675,81.70694923755583,68.14198311564269,False,False,False,False,False,False,False,False
JPN,2017,12.825495725815406,99.59409730772285,75.06816693651845,1.3460053537882717,61.40271547074449,3.444104353796373,74.01879307228563,61.87028284923786,False,False,False,False,False,False,False,False
JPN,2018,13.50177171605131,100.16760760374642,76.11665382504344,1.5152010782824823,61.01616494421647,3.58628550309502,77.7934101722307,66.18046587605218,False,False,False,False,False,False,False,False
JPN,2019,12.672306170598226,99.87343662012208,77.42619539995837,1.5283433827279809,61.15229469894019,4.690883535797498,82.12432603006577,64.78351158397292,False,False,False,False,False,False,False,False
JPN,2020,11.61542487728133,81.56335559123305,52.06914015526918,1.7457421092669345,39.892141841398896,7.492999517432791,44.135018441603485,75.57205070223625,False,False,False,False,False,False,False,False
JPN,2021,13.08021769422157,100.1286791224784,74.65008048660918,1.3488509681014311,60.16908694421477,4.990881003355796,79.92491912376457,64.08883149600143,False,False,False,False,False,False,False,False
JPN,2022,13.003105785953014,99.47526550705993,73.78097559568144,1.4626057394029108,60.33989954938264,5.529692754356731,80.19342324443036,50.12266716823064,False,False,False,False,False,False,False,False
JPN,2023,12.637091577147668,100.23997149199849,74.57311425813958,1.7981452273699905,60.89200474321267,4.662914028881961,78.15979200937718,58.48765156755936,False,False,False,False,False,False,False,False
GBR,2000,13.04817219431496,100.00121840806136,76.89910827088265,3.054530609465029,69.06497041267663,4.775234598107317,81.62438818461436,63.79577580151324,False,False,False,False,False,False,False,False
GBR,2001,12.827046879781983,98.96358308314204,73.90751110349504,3.6175412016207638,79.87752120661604,5.579291499601088,83.58971450499348,59.20735213486515,False,False,False,False,False,False,False,False
GBR,2002,12.867015324642546,99.64607891438924,72.25619771413729,3.0159315806369777,74.64741809072066,6.039904687396076,82.03377761401781,57.560442959271484,False,False,False,False,False,False,False,False
GBR,2003,13.647192463979652,99.75771403079867,77.6034825787976,3.968453359018056,83.67977714351294,4.322284630247894,78.90403534606368,60.92340152932454,False,False,False,False,False,False,False,False
GBR,2004,12.595862113141091,99.61135438459574,72.90617803463613,3.660995825758186,89.48563323730397,5.718953310665067,82.98814305741745,56.21602455715269,False,False,False,False,False,False,False,False
GBR,2005,12.90319604834736,99.89966679341798,75.91177554416322,4.149500703470325,74.85185415695885,5.927840128081237,84.58540527923759,62.53917878144812,False,False,False,False,False,False,False,False
GBR,2006,12.890514181137135,99.6643161330644,72.91038161195793,2.9100930231871995,78.22997101131382,4.723186700111079,82.58142046507923,57.08461280715531,False,False,False,False,False,False,False,False
GBR,2007,12.949863485864077,100.11303198019532,75.9819499032765,3.7204633358149453,81.44817246962965,3.7031680520441537,81.19906385525792,56.74321553104085,False,False,False,False,False,False,False,False
GBR,2008,12.301766127715682,84.00714724978332,57.36594483282263,4.622945328994448,58.49817841880865,5.381158384882777,47.7507792288292,66.80935093500594,False,False,False,False,False,False,False,False
GBR,2009,12.937293022814192,99.65979181831628,78.33980900870282,3.6184014589468942,89.57305189316521,4.390217095680618,77.64530506075329,63.2414021692193,False,False,False,False,False,False,False,False
GBR,2010,12.73375234665937,99.82501667987063,78.45392770246681,3.3801091443156195,68.65307413653575,3.239191188019224,75.42303105628972,66.31292051713591,False,False,False,False,False,False,False,False
GBR,2011,12.06437600285833,88.90048614855523,64.02906032221132,4.347937538434601,67.02630015693369,5.592526949201183,54.28178234481315,70.78009070127538,False,False,False,False,False,False,False,False
GBR,2012,13.208916234237014,100.3821220834282,72.71662177173299,3.4419021622160844,79.3385545132584,4.878252491616716,76.92743952701238,69.27046283167094,False,False,False,False,False,False,False,False
GBR,2013,12.93205477034505,99.61622430531061,78.76917261186922,3.9629730584816567,81.12708997528964,3.231560634437148,78.60189049439528,52.026484663666025,False,False,False,False,False,False,False,False
GBR,2014,13.154080031970915,99.78691966413524,74.94497018989873,4.031675479000923,75.18230351710575,5.468774256075024,82.29824083515408,66.13466611942154,False,False,False,False,False,False,False,False
GBR,2015,12.969953777056014,99.91853049992922,74.54704221619694,3.6102096520448534,91.94150855167618,4.728876398957431,72.72727921918117,64.42022698180524,False,False,False,False,False,False,False,False
GBR,2016,13.020097215167462,100.20637568708165,71.87490828622691,3.3412841967961118,86.35411743697462,3.7457105768307506,81.39928994730057,59.82179258851258,False,False,False,False,False,False,False,False
GBR,2017,12.779622526960585,99.67589902519424,72.96835636204321,3.5185039549543915,81.4115324422178,4.632972160916678,76.78358296404318,45.39324758252697,False,False,False,False,False,False,False,False
GBR,2018,13.1309679412473,100.36157393643448,76.2383085220104,4.11724864091351,78.53682847116127,6.374876419148185,78.0621074626264,56.004039966748735,False,False,False,False,False,False,False,False
GBR,2019,13.036801094798438,100.64987138338782,74.41637746216891,3.031042757391003,87.06487821717727,4.922162802987198,80.89625872509706,56.24104474952408,False,False,False,False,False,False,False,False
GBR,2020,11.86092282207681,81.5282448231119,57.48501475327762,4.16817571748869,51.547420213900295,5.8527736751222195,42.938142776676195,82.74025119164038,False,False,False,False,False,False,False,False
GBR,2021,12.899567400368039,99.8385406147032,73.0897548413013,3.627079719678038,80.19375565338207,6.412220555415429,76.81281941555936,62.141535486038244,False,False,False,False,False,False,False,False
GBR,2022,13.356215815469426,101.03582545680744,75.38876860315467,3.3940501121567936,81.34768781015691,6.31759753560796,83.9513452020196,59.40965736504461,False,False,False,False,False,False,False,False
GBR,2023,13.389098363968333,99.99085277508044,76.6812400530091,3.664020070460414,76.86593480764942,4.077589815501497,83.65147556247649,67.60658025961226,False,False,False,False,False,False,False,False
FRA,2000,13.121119027100983,99.99032175744364,72.6419204176804,3.8563038165384693,61.69972722927685,0.4223285078887768,34.35648648728622,53.27010159876626,False,False,False,False,False,False,False,False
FRA,2001,12.699900602618328,99.72890201179005,76.02781569931783,3.553874534581879,63.80832881137062,0.832909952586867,33.362868506013655,69.49940967447608,False,False,False,False,False,False,False,False
FRA,2002,13.332124200786092,99.95184753441856,73.92934362809216,3.4728400153087517,64.25671090283424,0.36935408882904697,33.694052404437514,63.07683742006527,False,False,False,False,False,False,False,False
FRA,2003,12.719368389386622,100.43439284647002,75.73457462680268,4.051455103038537,59.883482364673604,0.40904606514971736,24.73158790426823,54.66098539210404,False,False,False,False,False,False,False,False
FRA,2004,13.285092277592073,100.68424534903276,74.79110156292505,3.4493534830429966,60.420312978679085,0.8485634907824571,25.36323432904713,61.191844913673926,False,False,False,False,False,False,False,False
FRA,2005,13.29255928893473,100.20043766797593,69.59353541400152,3.7033625958592724,63.06721559714988,0.9120975635488873,38.06139128994323,66.57457226792023,False,False,False,False,False,False,False,False
FRA,2006,13.022630091670479,99.35921367524114,79.34188543499563,3.447234256270299,60.26161467823472,1.0085153121292258,26.28764707150976,53.399887443896475,False,False,False,False,False,False,False,False
FRA,2007,12.871209332644822,99.72303160805046,72.18736507265633,3.4750683282113917,60.49463851760702,0.1,28.453954614750682,56.239217972047086,False,False,False,False,False,False,False,False
FRA,2008,11.442452398377773,84.03864876259354,57.32405887492129,3.536361936516623,45.19010912548227,0.5063934946015827,15.874779699268611,65.01497076580047,False,False,False,False,False,False,False,False
FRA,2009,13.080137995303446,100.20349000929197,74.03387789663311,3.544037903595665,69.67332376953254,0.7690517947596596,19.240922993353475,56.4042334037879,False,False,False,False,False,False,False,False
FRA,2010,12.960622909872308,100.03074075318351,75.33730934393346,3.632582194870823,59.40847120629443,0.5056548868834543,34.76568316956622,61.43562082600912,False,False,False,False,False,False,False,False
FRA,2011,11.897469209535572,88.03821301643333,61.28919848124016,3.1115720035317507,46.32894514750814,0.19169745772221258,24.393100201843573,73.32044673504294,False,False,False,False,False,False,False,False
FRA,2012,12.641908950473056,100.367661669444,77.78493060012866,3.4249860456203143,59.19414755117671,0.7432424819479346,36.52170121439076,51.68754005982163,False,False,False,False,False,False,False,False
FRA,2013,12.672710070935441,99.83567428481817,74.38393143162851,3.733898159680802,67.86185247671764,0.9187051432369868,21.58280903889525,55.970649667519055,False,False,False,False,False,False,False,False
FRA,2014,12.629695338436024,99.76301429633884,73.38079296015671,3.627218313339227,63.2777054880222,0.5019266809432813,29.558185203973323,58.149944850589364,False,False,False,False,False,False,False,False
FRA,2015,12.92236118119987,100.63945886820188,76.39390880902147,3.399854153073197,59.35618713597463,0.6343150777430833,24.030374968004722,60.714715473818536,False,False,False,False,False,False,False,False
FRA,2016,13.191415330432227,100.20033778997778,73.42443249618353,3.313745720524665,48.124201137745274,0.7243730768352601,40.370413348749864,55.403077042067885,False,False,False,False,False,False,False,False
FRA,2017,13.330287890499571,100.78333898168823,74.0693790864399,3.4682154937087595,61.52243796896744,0.6403079515296299,31.54025269752051,58.041757162891045,False,False,False,False,False,False,False,False
FRA,2018,13.186471566956815,99.85215586558255,75.75420078780438,3.4912211558945065,49.361805190758716,0.8785764502141975,27.02169352978254,66.87219046585409,False,False,False,False,False,False,False,False
FRA,2019,13.316817042719816,100.08929556565167,76.04224485675867,3.693564675785017,58.81596947815604,0.4546180149039465,32.96778361140431,45.2980568266786,False,False,False,False,False,False,False,False
FRA,2020,11.82489250949027,81.87256594738685,53.621598604977535,3.9481060978897236,35.99340585757453,0.7587180417148276,19.12109387478424,79.45809241761782,False,False,False,False,False,False,False,False
FRA,2021,13.2175287360544,100.20647131484598,76.60081905045537,3.726287398944072,62.108689245249494,0.8210450714949282,29.18466518028118,56.27548677596776,False,False,False,False,False,False,False,False
FRA,2022,12.762274023700012,99.87681538814438,71.21277066609242,3.5639881122118817,63.95547401059443,0.7812710412879675,21.962200678155128,56.186376107168925,False,False,False,False,False,False,False,False
FRA,2023,13.248842452579524,99.92246954449088,76.27083606041845,3.128222481543958,68.1639515750319,0.1073538802642664,15.0,60.91924772376847,False,False,False,False,False,False,False,False
IND,2000,8.104829707637313,9.70501828862077,51.42907330806866,1.6010940318333253,62.3544958030726,0.34731091228775035,26.52643434455471,43.36287024754758,False,False,False,False,False,False,False,False
IND,2001,7.5887900338089,10.672618400394683,49.01631585046125,1.5310381367717958,64.95058958800581,0.23986093528672991,23.270645382633926,41.72296856111401,False,False,False,False,False,False,False,False
IND,2002,8.131280664500963,10.116153946820527,51.17139454978667,1.4793556494135007,45.36709705034143,0.45971625134410876,34.82698742295585,49.94452288722487,False,False,False,False,False,False,False,False
IND,2003,8.044328795480718,10.118389424443357,51.847313449313425,1.7407768874337632,60.003167753139586,0.6803620246787344,27.247315752542082,40.11715029634337,False,False,False,False,False,False,False,False
IND,2004,7.7733757954884934,10.871480520682447,51.8666214321302,1.2722333764438463,64.02288370344728,0.17844283008795336,31.882047630487584,41.391793782569955,False,False,False,False,False,False,False,False
IND,2005,7.405294053566336,10.985603771953578,49.01414457275305,1.6206374862164685,60.24551505237433,0.1993437632655582,28.857000423299908,41.02260250156595,False,False,False,False,False,False,False,False
IND,2006,9.206307710806458,10.470762572738813,50.06739767843614,1.609423823035042,64.29228789264747,0.7154557177123804,33.3643061798341,47.36725653496551,False,False,False,False,False,False,False,False
IND,2007,8.050928147630993,10.929412090897113,50.49428252370955,1.5101775403712037,61.04004998622245,0.5731859593725501,21.99548010761742,41.686011900879016,False,False,False,False,False,False,False,False
IND,2008,7.312502810331438,7.571832839178299,38.0476211933148,1.6698313956352357,35.65852775809587,0.31509157758815676,21.844931385011304,58.56614766119662,False,False,False,False,False,False,False,False
IND,2009,8.249110874248393,10.68408942311276,47.56742746636898,1.2484844282170768,65.9240070995346,0.47721469290724317,25.824285491849885,53.35815488677909,False,False,False,False,False,False,False,False
IND,2010,7.19616948644097,10.110844347337435,49.429882894995515,1.4285109154379145,46.72882853202296,0.9600301103888976,22.880214237749275,43.93339068306234,False,False,False,False,False,False,False,False
IND,2011,7.318255122459628,9.110756126438941,37.068614094365984,1.687980605209372,46.465060124303406,0.30140534666101726,22.490605221675626,53.190377509402346,False,False,False,False,False,False,False,False
IND,2012,8.902174054893372,9.88545772496362,47.13069086954597,1.5944812555760755,58.121651816861075,0.49978742162700623,23.747961330151412,47.41806130542147,False,False,False,False,False,False,False,False
IND,2013,7.764978926120249,10.15952693779123,56.29916536749955,1.4505948598508007,64.46515182899962,0.4456327480345691,26.753134808392872,50.28521612909205,False,False,False,False,False,False,False,False
IND,2014,7.066730024319692,10.604508213902154,44.089688546864494,1.6785194676598618,60.08563840701861,0.21381817418100657,27.964818435366098,47.7452738278268,False,False,False,False,False,False,False,False
IND,2015,8.988220292257743,9.061455032973369,47.30364785503062,1.233937274852202,58.8652776553378,0.7764950335773377,22.744121549742204,44.95164420861578,False,False,False,False,False,False,False,False
IND,2016,8.44344369504865,9.747542923791368,42.1873584301186,1.539789629359299,67.41469315093292,0.17868389610528534,21.107062079967417,46.27860730367591,False,False,False,False,False,False,False,False
IND,2017,8.173838241769168,9.707662861531869,47.972875762515166,1.506830483497605,53.476524366823185,0.1742524613344444,33.396866414782515,40.40482385936538,False,False,False,False,False,False,False,False
IND,2018,7.137096635604702,9.593461208598606,48.60678721307184,1.5924121786503793,56.41493883185015,0.9267109585095523,30.42659071282512,41.76693711343629,False,False,False,False,False,False,False,False
IND,2019,8.209199110444342,10.840959155767857,51.95135027760842,1.1993839396480364,57.69617236828589,0.5750600618755084,33.03361529568092,44.26721352511845,False,False,False,False,False,False,False,False
IND,2020,7.134096230371478,9.083243987108862,37.95837411199927,1.7269058811139515,36.25612126484724,0.16995373010849152,17.708628384205625,61.106997437841535,False,False,False,False,False,False,False,False
IND,2021,7.997201990585476,10.401244993355508,52.086613272697335,1.6698204221486288,50.89275751991514,0.3928912397580172,32.503328606906045,45.19909474872384,False,False,False,False,False,False,False,False
IND,2022,8.349414210101267,10.252583766633634,43.539971240386265,1.7194305423507392,57.126975263949575,0.24116727078706385,35.29968192023311,47.46802379830679,False,False,False,False,False,False,False,False
IND,2023,8.6059719926932,10.156750318740313,48.89216858226139,1.5286776934684503,53.82377095090757,0.1,26.853683031536058,51.134910839666,False,False,False,False,False,False,False,False
BRA,2000,7.732099268473851,8.975585225444233,49.532305466189996,1.39034254070188,66.70439289541477,0.9345497689678779,27.93267419438362,46.04112202633154,False,False,False,False,False,False,False,False
BRA,2001,8.171893940774943,9.970808589057729,49.3087978573827,1.315153371146339,48.922872826571435,0.22114674194227701,29.582810151048196,39.20141912120588,False,False,False,False,False,False,False,False
BRA,2002,8.103633664699473,10.04160660222175,48.359959746238204,1.4456689779347893,52.202512578434416,0.7489197253637523,34.05698277245796,40.40694684498953,False,False,False,False,False,False,False,False
BRA,2003,7.4387275968777935,9.449498307391442,51.65442882571857,1.5681178432800993,66.2839062397287,0.850876997728332,22.34446248722139,47.05701902407134,False,False,False,False,False,False,False,False
BRA,2004,8.562176679935252,9.799553661412036,49.929343547377286,1.4651291484194329,59.21116442596999,0.7478141514324519,38.7479195210271,50.52581631476195,False,False,False,False,False,False,False,False
BRA,2005,7.748512614724328,10.158092329198636,47.64870300324081,1.3618917895367482,59.59693025970387,0.2852720032667745,27.099733793149785,45.95761800214151,False,False,False,False,False,False,False,False
BRA,2006,8.249842555151467,10.283201362551564,51.44674685804197,1.2524675155345404,55.42028337492851,0.5113813506342806,35.36489023883006,54.455489978477445,False,False,False,False,False,False,False,False
BRA,2007,8.151909297802439,10.432937503075687,45.98418260083025,1.6385837246063222,71.95509211900871,0.2700030236649956,27.2522143204571,48.43835154791921,False,False,False,False,False,False,False,False
BRA,2008,7.371678673449508,7.432484729276381,36.87567996492852,1.931824512749264,39.66183124424622,0.4160719494512497,20.371115688155133,57.4866544210617,False,False,False,False,False,False,False,False
BRA,2009,7.834345808408338,9.63265795929535,58.84728327592617,1.7489359161473574,62.89119637031095,0.6641794392133901,29.372728699985498,46.31151809663743,False,False,False,False,False,False,False,False
BRA,2010,7.885100184712403,9.489156139443812,51.10244499642291,1.4372940627655204,62.52056694271105,0.6820551779647013,32.36816038405727,41.29447548007385,False,False,False,False,False,False,False,False
BRA,2011,7.32383759760561,8.644192525282385,43.40050912958799,1.7847123421157918,42.36431586234377,0.12244852679739965,29.493507702209325,55.14357037570248,False,False,False,False,False,False,False,False
BRA,2012,7.3111912496228815,9.661135597497434,53.06414988628819,1.917688554573985,71.22579105223069,0.6168842532112712,16.82126130491561,45.01350202638864,False,False,False,False,False,False,False,False
BRA,2013,7.493052023853731,10.051412296842015,47.313961032910925,1.418379832167956,65.15070669993999,0.4296138290127759,28.501616759966065,44.79918153183302,False,False,False,False,False,False,False,False
BRA,2014,9.310396545514987,9.332819784535502,50.84190921347041,1.8517240968390267,59.68127608189473,0.8670706647255882,23.40376402700616,44.188077450417374,False,False,False,False,False,False,False,False
BRA,2015,7.599980717801177,9.961885255230786,49.87152985606527,1.511604546961679,65.09058529323171,0.1,26.966498526173517,45.84513476911789,False,False,False,False,False,False,False,False
BRA,2016,7.061723646979063,10.371826867579681,48.126963830860326,1.4630949284688302,65.38239718132279,0.8824625123836167,33.25760995669753,40.44925731830073,False,False,False,False,False,False,False,False
BRA,2017,8.299397194780955,10.401004293230848,51.37184121384573,1.7911644644293534,60.502959767576165,0.923137743561051,37.01684985062595,47.79161309015611,False,False,False,False,False,False,False,False
BRA,2018,8.14828777257038,10.27791087716055,55.09987212372914,1.7143086304469772,53.80485657883476,0.6193781149840427,25.761830356904575,42.391644445627755,False,False,False,False,False,False,False,False
BRA,2019,7.814745950704985,9.156659788492815,47.27673145955924,1.8038567847283538,56.05299267688718,0.7563575681199848,30.859196698967658,47.213004879939135,False,False,False,False,False,False,False,False
BRA,2020,7.55173883930529,7.733412781921692,38.35750152574,1.3663099173804651,35.72439621723043,0.6746079701254181,13.72647461879043,47.179861486303295,False,False,False,False,False,False,False,False
BRA,2021,8.174825023649847,9.061118337182767,52.03742832631458,1.439590900102027,62.010348174504706,0.5948467871548335,33.78394339993491,47.44987517605441,False,False,False,False,False,False,False,False
BRA,2022,7.491658435711751,9.85355171579548,51.001579899705604,1.7862733563662367,63.73241994183629,0.8986799958606229,31.934042603446013,49.363921700743866,False,False,False,False,False,False,False,False
BRA,2023,8.124654297820864,10.627053084450852,48.9457572928588,1.8126826717664217,62.999184742442225,0.1,31.83824646495711,36.599893969393506,False,False,False,False,False,False,False,False
CAN,2000,13.187652405049311,100.3540925931956,78.90831486750058,1.3988506591476126,95.70069752424635,0.5011087015543542,26.28757883730808,57.57347082316066,False,False,False,False,False,False,False,False
CAN,2001,13.168864258052306,99.64807425859918,74.32972443765709,1.5684675668979242,92.4332833657182,0.7561927929656671,30.21757334321733,62.790697572592535,False,False,False,False,False,False,False,False
CAN,2002,13.072396580475035,99.5395943665522,78.51095139663099,1.8146039450429714,79.40841947513286,0.3645021571521132,24.346923325312368,63.11355611950134,False,False,False,False,False,False,False,False
CAN,2003,13.188858875266543,99.678273696136,75.50633047607596,1.6640688025224912,75.86856284889943,0.4410600249715709,28.970702845598296,56.26710826729881,False,False,False,False,False,False,False,False
CAN,2004,12.946967751065266,99.3805526804545,74.48764049500925,1.4517005108258443,79.50588640111897,0.6438324554258191,23.983995723054278,54.78977793878448,False,False,False,False,False,False,False,False
CAN,2005,12.769001180140762,99.48155333430005,76.19005893167113,1.3885153893783357,79.74848663700179,0.2454714097427556,28.20185163773769,61.50553669595871,False,False,False,False,False,False,False,False
CAN,2006,13.104940007370372,99.5983781612632,74.83880050140648,1.3333887885998483,79.06587267363803,0.30933264757867895,39.16278521739601,64.07075881059133,False,False,False,False,False,False,False,False
CAN,2007,13.118139189464875,99.22893096826175,74.4422332116985,1.6690315942368643,79.58076439538024,1.0112316548766473,34.75724638529043,58.16746489815974,False,False,False,False,False,False,False,False
CAN,2008,12.391357300108261,83.90793832450535,59.89428761615097,1.9712071257182058,56.00819721878419,0.1,18.650326691287887,67.59672432867636,False,False,False,False,False,False,False,False
CAN,2009,12.817637421797254,99.78435091874042,72.79027441387495,1.5441082854027735,74.25664887401919,0.43084261244592476,27.343928526962006,62.4193832559402,False,False,False,False,False,False,False,False
CAN,2010,13.12258219231053,99.87687661154445,76.06963467269182,1.7457961004978124,63.303783851183454,0.32461468080284017,25.31746812605202,56.66110221765557,False,False,False,False,False,False,False,False
CAN,2011,11.588818792202357,87.25351354627246,56.99409205793062,1.4840572026558545,57.60041303237408,0.9165013334625343,21.49439999030612,58.22965776913752,False,False,False,False,False,False,False,False
CAN,2012,13.152480591902377,101.57049508257452,70.83177412100282,1.8449393299522217,79.63590203759006,0.37272909998058695,27.150835358806205,61.647543677865045,False,False,False,False,False,False,False,False
CAN,2013,12.875141678534424,99.54797226438386,73.92932982596756,1.571690723641924,85.48406191032163,1.0545826499889235,30.490337697694724,66.47935890931507,False,False,False,False,False,False,False,False
CAN,2014,12.941590811164996,99.9743247291566,74.76754191375608,1.5429426366341052,86.95323673997517,0.3633381421928388,25.55379585885838,64.77650279118876,False,False,False,False,False,False,False,False
CAN,2015,13.262814037758938,100.58906827030039,73.79203874806154,1.4540902689279305,87.97256408463558,0.36005138623154065,33.20239897600412,59.04748447001094,False,False,False,False,False,False,False,False
CAN,2016,13.097217108466468,99.54092344407373,75.1704188992678,0.9017728058198553,89.64795613237453,0.7332222058293534,25.255417395875813,68.73681598957779,False,False,False,False,False,False,False,False
CAN,2017,13.340686044154884,99.55748259503535,73.94204458387198,1.2886884714479494,82.82003974685503,0.32889459007589583,20.438725122901115,59.65682976957266,False,False,False,False,False,False,False,False
CAN,2018,13.273408816652417,100.04230151650859,76.08695875734018,1.5399620867437427,85.85993682223842,0.586617098847507,29.38645533202138,60.46686187138326,False,False,False,False,False,False,False,False
CAN,2019,13.454918216576072,100.24084732815699,73.09616307995553,1.5154961037037724,82.67341133795918,0.4534222853525754,20.460962210613047,55.698074946102494,False,False,False,False,False,False,False,False
CAN,2020,11.717085689375892,82.61916155160758,55.45961298254976,1.2976877304114365,50.72058271365544,0.897738994262657,14.895101852548489,82.79370570397266,False,False,False,False,False,False,False,False
CAN,2021,12.544196177356948,98.86713776075577,77.40052349947766,1.4073677275829202,65.04206640243663,0.38344376744509723,30.95211944962529,62.24609360642517,False,False,False,False,False,False,False,False
CAN,2022,12.253501793976103,99.73670063506646,75.1179684431792,1.5893745001605395,72.2981394777231,0.43801661609118603,27.067343652180323,61.121082021453965,False,False,False,False,False,False,False,False
CAN,2023,13.34772221948677,99.86549810452757,72.25665260553907,1.3581117995144907,93.87949260669447,0.24296837185196218,23.989252369619557,58.02159644121868,False,False,False,False,False,False,False,False
AUS,2000,12.971983942330015,99.78826715502065,71.97105938163847,1.5643186422678477,61.351584703485294,0.7078168265350578,31.01164398211401,68.15928449544555,False,False,False,False,False,False,False,False
AUS,2001,13.232546648210436,100.22121603434094,77.40106331694774,1.5280719739696094,58.884925486843514,0.5929996949496665,20.244490679806876,60.7179396825258,False,False,False,False,False,False,False,False
AUS,2002,12.971662385667399,100.16784398880965,77.08344932811771,1.6167088606023776,55.75864459207591,0.7566666977062135,38.2474044716196,65.35305279989593,False,False,False,False,False,False,False,False
AUS,2003,12.612057536872406,100.22895612447027,72.67643231217528,1.4433722206512465,62.3338723761131,0.5754420826821536,35.24353563208282,68.27703556544148,False,False,False,False,False,False,False,False
AUS,2004,13.147362299623598,99.85678824810121,71.18128782498542,1.7636604649705339,59.46459507467131,0.48872880650615563,30.20662816135309,62.21501065223688,False,False,False,False,False,False,False,False
AUS,2005,13.14204156971057,99.89294356364049,74.80181139951746,1.3794358688432076,55.75424463106784,0.28634784074718694,29.446673157213354,55.51678886342396,False,False,False,False,False,False,False,False
AUS,2006,12.127903534203508,99.85007117735128,72.52514672355485,1.521881694366594,56.36097967070556,0.6367712585512109,24.228186658835078,51.240855966241405,False,False,False,False,False,False,False,False
AUS,2007,12.971012898995532,99.83361322882105,72.36573616010683,1.6552055827686951,53.98669788643965,0.27426942879408955,34.87656229238989,62.578140442219784,False,False,False,False,False,False,False,False
AUS,2008,11.655387127325616,83.88885482062594,55.180881257432006,1.8130387009080482,44.443251790043774,1.048886060514826,24.844955509616526,70.57062160301108,False,False,False,False,False,False,False,False
AUS,2009,13.2138136086584,99.24673991677656,75.37035107365983,1.5850889728368345,54.28610171556722,0.29690145846244065,34.50199294197532,62.25612659659254,False,False,False,False,False,False,False,False
AUS,2010,13.50016723346534,100.6092954486849,71.68675358464445,1.3951103727474696,53.699155562387126,0.7272485448012457,31.418755118307505,55.06063329549625,False,False,False,False,False,False,False,False
AUS,2011,11.981188027552646,88.43986585466442,60.81462834494395,1.1605287309003882,40.71691297079896,1.0734257261419171,24.526053906183193,63.39595625878647,False,False,False,False,False,False,False,False
AUS,2012,13.055413142434325,100.37516621500426,71.66280148224361,1.7117457059767758,62.64784291019548,0.28005314086700106,33.01623750285697,61.490792329952626,False,False,False,False,False,False,False,False
AUS,2013,13.110285952062913,100.0592357679193,73.23786332667741,1.3575558472701899,58.57133738212767,0.5138008241759823,33.32708411845889,69.70608718231874,False,False,False,False,False,False,False,False
AUS,2014,13.069433776757672,100.2585958150903,76.76281505784715,1.6442270725091164,54.50235539661765,0.9066328403316487,35.850993545983016,60.671482486238965,False,False,False,False,False,False,False,False
AUS,2015,12.741489078923122,100.01201259166564,71.87701355511628,1.8006839656857998,56.233596563492966,0.4135883378233771,37.092656725740184,47.5609567173246,False,False,False,False,False,False,False,False
AUS,2016,13.383089615826457,100.13520939244069,78.35278605441641,1.3108986240114537,62.031317257715486,0.21862232703908036,35.50410699211302,65.30685482436567,False,False,False,False,False,False,False,False
AUS,2017,13.528356437460213,99.9998745309553,79.17209409907423,1.2970481013628294,59.67657090596556,0.20530892588680566,30.980657295119535,55.47965855132,False,False,False,False,False,False,False,False
AUS,2018,13.331163202994878,100.19006709859815,72.81567273456382,1.6669502652649764,69.53903386908411,0.6722213662682004,23.170879222922807,59.255153451163515,False,False,False,False,False,False,False,False
AUS,2019,13.21182367414454,99.90292748927519,72.94726158466821,1.74600011454383,58.29369210236094,0.9771746217853551,27.403018140869367,58.295460613269604,False,False,False,False,False,False,False,False
AUS,2020,11.667889485597245,81.9456728974158,55.4189254475915,1.421420773011736,33.971203571689934,0.1,11.566795630863304,67.59290835523697,False,False,False,False,False,False,False,False
AUS,2021,12.842236097231439,100.07110004250721,75.80096277301266,1.5262130372431697,68.70556528967526,1.0421589930913655,28.60094828811497,55.17731102544904,False,False,False,False,False,False,False,False
AUS,2022,13.649516820341981,100.47621943773744,77.21180084871462,1.3872105023883514,65.16981674698766,0.5417181195960253,29.63013568202811,59.62167197837085,False,False,False,False,False,False,False,False
AUS,2023,13.151676772550763,100.59564524333132,79.5428994908456,1.4191205153632078,61.17289038931975,0.4703464396282082,32.17987694750023,47.33876957390157,False,False,False,False,False,False,False,False
RUS,2000,7.888762551610867,11.228117317431735,47.975197943628345,3.3790772032804908,37.2494235853173,0.45589237297074503,23.536873264238686,42.87132574749124,False,False,False,False,False,False,False,False
RUS,2001,8.212921829314915,10.250923453532783,50.75770653798987,3.915359614278172,42.33272655725064,0.9038677268608244,41.36217360223441,48.556148489119565,False,False,False,False,False,False,False,False
RUS,2002,7.355846191268231,10.175629289285112,50.42294809883618,3.9765880784130787,39.44245586428528,0.25851005574423175,27.611772086979975,39.97945851210642,False,False,False,False,False,False,False,False
RUS,2003,6.535275654998866,11.231783214700998,50.05645714922179,3.1485036958047314,48.47861438905433,1.0691866084319335,30.87643389466962,39.65309824449628,False,False,False,False,False,False,False,False
RUS,2004,7.7727261406282775,9.86880803353898,50.15677547149245,3.1818184800810196,44.889077748431,0.1,35.767951716584626,50.545397589051376,False,False,False,False,False,False,False,False
RUS,2005,7.819344719016355,9.961489503226709,54.59058559659005,3.699478148690522,38.36491341195114,0.4359629661948685,32.55749787680931,52.74061616024092,False,False,False,False,False,False,False,False
RUS,2006,7.908424764473352,9.785996119492077,50.135668126999946,3.5153593705643256,41.61487251808834,0.4816988084433849,36.10410649406524,41.49290487515262,False,False,False,False,False,False,False,False
RUS,2007,8.217385032278445,10.285258409515974,47.613328796177356,3.6273181813583038,42.513724037454075,0.1,25.17167598238396,51.51666545960378,False,False,False,False,False,False,False,False
RUS,2008,7.0923802646396545,7.808364497937877,33.823764476370265,3.439375588628853,26.84833383741303,0.1282841892420073,20.036840963286696,51.7704843492704,False,False,False,False,False,False,False,False
RUS,2009,8.165425652307789,10.870600862878801,54.12948935005861,3.5939396420039467,34.442098752432244,0.4892523263880611,31.733549888024598,55.04622620633769,False,False,False,False,False,False,False,False
RUS,2010,7.079961127747124,9.980631633370319,51.92162880522432,3.5369234604968542,41.16393371470082,0.27297080689522213,34.791929099210215,45.20664390740432,False,False,False,False,False,False,False,False
RUS,2011,7.62766510345668,9.367239910713817,40.268193785850336,4.127210828866515,25.57376786289428,0.5860867562905127,18.146185300893574,48.06737112143566,False,False,False,False,False,False,False,False
RUS,2012,8.960183751072131,9.266262988266663,50.21376124973268,3.1119477124387713,46.197920032207804,0.3811310965694721,35.341896668470085,47.416483558354074,False,False,False,False,False,False,False,False
RUS,2013,9.151819376052394,9.112333466116166,47.0798634859189,3.802140000941948,41.68072481513114,0.43175712201397765,40.24906047892963,45.00273127582993,False,False,False,False,False,False,False,False
RUS,2014,7.610073526889181,10.649190885549965,50.1020822332167,3.5334117805520155,43.46427877908906,0.720391263637799,25.07098095666087,43.86337960828481,False,False,False,False,False,False,False,False
RUS,2015,7.313570274259468,10.210887940211322,55.693301050237935,3.215632184819304,32.28599242395177,0.3101734910344883,28.820150063945142,47.97674284126014,False,False,False,False,False,False,False,False
RUS,2016,7.830438860364981,10.222036669161373,48.509203924646066,3.4452293076861378,35.94499568185577,0.16578606495140202,33.91436867474286,43.2754977216996,False,False,False,False,False,False,False,False
RUS,2017,8.222386903915798,9.504607790318715,50.02153540072383,2.8740567024886747,38.19980365621509,0.28157687064340364,35.96367582708207,39.96852737636445,False,False,False,False,False,False,False,False
RUS,2018,7.928926731529727,10.203212390753015,53.08837244479507,3.761694614008535,39.67655697483741,0.5218622294046547,35.958537485535324,44.66512816060315,False,False,False,False,False,False,False,False
RUS,2019,8.089347358405238,10.737528870578231,57.45556975003667,3.5794325932933937,42.66679622352725,0.7518405513555214,36.09097355877128,49.2294732215129,False,False,False,False,False,False,False,False
RUS,2020,7.019855550909993,8.363642895079504,38.832726604914505,4.290005675773981,25.15079981150292,0.5922838004567589,17.666183869175743,57.35039100506296,False,False,False,False,False,False,False,False
RUS,2021,8.140504625140903,8.720442624307099,59.729278908784195,4.192374875184833,39.09275465376242,0.4680988992406055,21.809854712819917,37.854498138581256,False,False,False,False,False,False,False,False
RUS,2022,8.248436795253799,10.64186287299031,52.57404258590643,3.2515411181104295,43.96587844109339,0.4633828603636168,28.147086187996084,39.60781155223933,False,False,False,False,False,False,False,False
RUS,2023,7.642659661504784,10.31276794300829,50.9650356241295,3.550417941790046,29.114674767785726,0.5535429991656169,27.070361633411224,46.316427114840515,False,False,False,False,False,False,False,False
KOR,2000,13.375852790328246,99.82071015347994,75.20687625861622,1.9084152080287489,82.2188676957174,0.493316306244886,25.93492813869935,64.11639957838852,False,False,False,False,False,False,False,False
KOR,2001,12.707390191816526,100.5214031727739,76.32940549066622,1.3894158325265396,73.7439720599117,0.2720890647559139,21.144657234559546,62.357711902091026,False,False,False,False,False,False,False,False
KOR,2002,12.37732359727644,99.96557212288364,74.69935907945626,1.4346607573627272,83.7149589083726,0.3348344204874537,30.905313713855413,66.51639018658032,False,False,False,False,False,False,False,False
KOR,2003,13.175849740117835,99.8350344727134,75.01576036938945,1.4348777895702993,78.68531835291687,0.5636280059222526,23.057287230843944,51.99864447748145,False,False,False,False,False,False,False,False
KOR,2004,12.732163745352434,100.20544578569243,76.30995116844338,1.662159729118342,73.14801410072641,0.5293011130245007,28.085914051935156,59.38135526862582,False,False,False,False,False,False,False,False
KOR,2005,12.880030281360659,100.10771790103229,73.65976959909153,1.7343435829432319,89.4551287436797,0.6442724278246686,35.18043825523128,52.885125373691636,False,False,False,False,False,False,False,False
KOR,2006,13.371296127253599,100.15190705441636,73.77135371180741,1.358042201553293,92.87024684587499,0.7484689070553868,29.250296404604452,52.83424092737644,False,False,False,False,False,False,False,False
KOR,2007,13.388818918534419,99.55713727327903,74.26898812602947,1.4697401559534955,74.20807734605913,0.44138289464689284,29.964775072597227,58.92195210715989,False,False,False,False,False,False,False,False
KOR,2008,12.048188809136095,84.5556154022134,54.886862673766736,1.6540764708874545,48.4303163447974,0.1,20.850047486008936,75.90662927673728,False,False,False,False,False,False,False,False
KOR,2009,12.54018983203302,99.92148773944483,71.31241283303851,1.3219364303960257,62.43097743120043,0.45136280735604245,33.464287921187186,62.91285659404403,False,False,False,False,False,False,False,False
KOR,2010,12.88208417288158,100.40065273008342,77.78690905504887,1.642109820459557,75.55105002591375,0.46098191193391397,38.07389395354926,58.38985922753971,False,False,False,False,False,False,False,False
KOR,2011,12.38522498472843,87.74065691214645,63.15553373329739,1.4108724150181788,60.26839320103474,0.6644958882663496,27.494261601779918,72.12298499275822,False,False,False,False,False,False,False,False
KOR,2012,12.92120214390515,99.86544522183554,76.92060959256294,1.5924967248133708,85.37224937383243,0.9584094078163499,30.30042997307582,61.94156002711725,False,False,False,False,False,False,False,False
KOR,2013,12.895168201834913,99.69097250049751,73.80605142655786,1.0219391265061124,84.30103922359903,0.6284558743431728,32.57647160812234,55.828590949826875,False,False,False,False,False,False,False,False
KOR,2014,12.825805509233815,99.75544590104455,77.23366755105991,1.5372832339488092,80.39446665216178,0.730651902790669,26.958867462776205,61.815578138722614,False,False,False,False,False,False,False,False
KOR,2015,13.604582533138192,100.51625778436902,75.6951232276071,1.5173395398828793,84.04992791444741,0.934191709817542,36.81281426356226,68.20307281744144,False,False,False,False,False,False,False,False
KOR,2016,13.072864603945083,99.1671605187244,78.8468915896499,1.3450770059962835,64.1960978302629,0.725329836352193,19.674584768718397,60.14228790591579,False,False,False,False,False,False,False,False
KOR,2017,12.376656454043141,99.87188087818534,78.28675631160907,1.572129578287159,80.14413497635557,0.6417891037530217,16.478041841986126,56.850577238180946,False,False,False,False,False,False,False,False
KOR,2018,12.853517847264536,100.2533307304285,73.03001374836597,1.5397360019094815,79.36746126508355,0.32626276710927604,27.411537135653926,59.559543779854636,False,False,False,False,False,False,False,False
KOR,2019,12.444447180527602,100.31343586591944,73.43768724373777,1.4480399718464976,92.78830489677073,0.7406385375854359,24.244231317235652,45.80460670257287,False,False,False,False,False,False,False,False
KOR,2020,11.971126398799305,81.9273436497517,55.0489479683066,1.8019614649267743,55.97406653928789,0.3754699133109891,16.213057319286047,78.6974997675338,False,False,False,False,False,False,False,False
KOR,2021,13.138081487494691,100.07793693610806,77.92439187743527,1.5897271529029056,85.99920191538969,0.5837803514649578,25.04151668279845,56.83559862557604,False,False,False,False,False,False,False,False
KOR,2022,12.64323026047686,100.42159430847315,71.92483040710165,1.4710190841837136,77.09506671075548,0.1,28.058265308494207,58.471904444658435,False,False,False,False,False,False,False,False
KOR,2023,13.50360240201177,99.2353437797393,77.62233499560524,1.455136205824379,86.87667897874844,0.52394044521762,24.50689787411094,67.10252143635532,False,False,False,False,False,False,False,False
ITA,2000,13.370425574213439,99.58721790316223,76.19098179527852,1.3820210487074218,50.99866883131838,0.2663488871538696,36.7553644620657,64.43095594292397,False,False,False,False,False,False,False,False
ITA,2001,12.911727248309063,100.54263335433119,77.29206028828413,1.3445257030308186,69.77785278667679,0.3881973248144076,28.78650626087359,50.54994914408529,False,False,False,False,False,False,False,False
ITA,2002,12.817706096387958,99.94507561368445,75.61535330680223,1.2808961222308874,55.58879379142052,0.9968624756171887,35.35182580114965,66.35946210969328,False,False,False,False,False,False,False,False
ITA,2003,12.983223865443335,100.13518301129285,76.23777259604631,1.8276719464541882,50.886535049459596,0.1,27.42608662542629,61.217651020931726,False,False,False,False,False,False,False,False
ITA,2004,13.025833260477693,99.70123068597194,76.05307336734461,1.40451785876144,60.07697186126211,0.6439481106100499,27.836130582058058,63.969092335719075,False,False,False,False,False,False,False,False
ITA,2005,13.295912951771781,99.71521070909643,74.03165209750253,1.306750736049349,59.94426863059311,0.5920943218058713,39.06703849257711,58.28560569221218,False,False,False,False,False,False,False,False
ITA,2006,13.083504590393401,99.79631465496034,74.04248285695662,1.571895159509425,57.50024816630722,0.4810630960666255,31.978994243548737,61.317754059773925,False,False,False,False,False,False,False,False
ITA,2007,12.283921038941298,99.80164873119594,77.19460037508742,1.1868703936788807,41.95420596183746,0.6713538218657626,31.21828611851357,54.54895796600285,False,False,False,False,False,False,False,False
ITA,2008,11.990507747622805,83.7895580672025,57.750977156842794,1.0034006408126517,39.75413003224023,0.33858567245295845,20.3935313396873,62.87211201570765,False,False,False,False,False,False,False,False
ITA,2009,13.013647442899225,100.22333456928469,78.71329487312391,1.403646805781305,61.9467516261151,0.1,29.97219853175965,65.89256344899212,False,False,False,False,False,False,False,False
ITA,2010,13.560645352163156,100.1678822433429,71.85823708574817,1.7711145871420697,50.62179416057248,0.14616210064766588,37.266377380212724,59.60884670470741,False,False,False,False,False,False,False,False
ITA,2011,12.053650366392917,88.24593846235801,61.76944341520774,2.0555993061363935,50.503565912923456,0.5632005395609332,21.818468090263593,76.90911615685997,False,False,False,False,False,False,False,False
ITA,2012,12.972488192756462,99.64489219538459,76.51902977497221,1.4416482735482925,61.74538234554004,0.1,29.339317055492263,57.38134348614289,False,False,False,False,False,False,False,False
ITA,2013,12.393460408011416,99.95948771251939,74.86375314966409,1.5727941261705476,66.95628625980314,0.7919304683045216,27.711833753311925,60.92844290209369,False,False,False,False,False,False,False,False
ITA,2014,13.152582511970033,99.82787627201814,72.03188667015132,1.4583063578919184,67.23964892918349,0.1,25.076726075763688,56.03738276442394,False,False,False,False,False,False,False,False
ITA,2015,12.70776344613509,100.28137116671492,73.73995004093221,1.6463911005019691,60.266152785093645,0.1,27.953457629521395,65.02962255898208,False,False,False,False,False,False,False,False
ITA,2016,13.046348099678575,99.86537896404873,77.44056579283543,1.2846641745057972,56.42679038889685,0.7701599231994775,33.406811632876526,54.231538593300705,False,False,False,False,False,False,False,False
ITA,2017,13.141911484648064,99.74177117118585,70.8731936950411,1.436529901551493,71.69005586873888,0.807532745774532,29.76314648727782,52.08911618326936,False,False,False,False,False,False,False,False
ITA,2018,12.389133849143219,100.01899738730066,75.80842573055466,1.643174548938192,63.54865291051113,0.7040661081430073,31.383003827555903,65.9774032541274,False,False,False,False,False,False,False,False
ITA,2019,12.842310719804384,100.01296280533606,71.51555661472945,1.3907916402366558,65.96668425305344,0.6938018561343654,18.14170319570554,70.2103482646394,False,False,False,False,False,False,False,False
ITA,2020,11.872895921884526,82.05779026178088,53.86309046007435,1.546849085593575,38.96001204562707,0.6755898309549014,17.391935577540888,72.81719308632266,False,False,False,False,False,False,False,False
ITA,2021,12.729798585246256,99.6143199714307,77.16011211827862,1.6885577028280152,62.92383142226997,0.8215789595635392,29.37412785808418,64.23441051942457,False,False,False,False,False,False,False,False
ITA,2022,13.162272555568297,100.3504676668765,72.8831187327167,1.000387796501412,61.57240085452035,0.1,28.245752849617627,48.908261199744594,False,False,False,False,False,False,False,False
ITA,2023,13.37662108283797,100.37834785747366,75.70074043277268,1.3311351925633859,49.313049513206195,0.1,27.234550915429338,63.479319195468925,False,False,False,False,False,False,False,False
ESP,2000,12.897820387927041,100.20005721324556,76.1037719436443,1.6360460416835259,48.37948378498521,0.2715934190573178,32.403722898839916,67.48355203722991,False,False,False,False,False,False,False,False
ESP,2001,13.344901605663624,100.11863077541213,77.53530302237594,1.5577456006019672,50.69092650564642,0.698615550427542,35.94298411543504,69.24681070693191,False,False,False,False,False,False,False,False
ESP,2002,12.825995100203894,99.53743367330246,76.7001586648351,1.5835361504478802,61.939112894749236,0.8851450579560685,34.22901436281464,62.570312762123876,False,False,False,False,False,False,False,False
ESP,2003,12.861649080389615,100.30262586996525,72.61095412046792,1.5571606573589465,59.796448644432544,0.1,32.103498155092396,57.110396115836444,False,False,False,False,False,False,False,False
ESP,2004,13.118626295616412,99.61697241799392,76.71340496048511,1.8354754175610979,46.981935493645786,0.1417431796723132,25.206107719066125,53.23745655279639,False,False,False,False,False,False,False,False
ESP,2005,12.935779690681642,100.15176215904205,76.38094537224302,1.5531233986345068,63.946579056902245,0.47914031412731917,27.054439336094365,55.322018506187874,False,False,False,False,False,False,False,False
ESP,2006,12.946624637258681,99.63487563228139,75.69668347849225,1.3204339867148742,57.07376776230753,0.8222999014310731,35.90064086870764,65.72146534279969,False,False,False,False,False,False,False,False
ESP,2007,12.984067959490927,99.7796072785847,76.00166318200843,1.324305239731588,64.45475348155573,0.3087237373772108,28.905668741321872,63.83121487520255,False,False,False,False,False,False,False,False
ESP,2008,11.457380244874718,83.79918365842637,57.56272207271145,1.7462118599500271,42.47504434813667,0.4306791567626959,20.618473053016903,68.40982831510341,False,False,False,False,False,False,False,False
ESP,2009,12.69831958729316,100.14406567357831,72.85961687421134,1.8438081225683642,64.7511558623284,0.32880787093996616,34.262343217164755,53.85408201099792,False,False,False,False,False,False,False,False
ESP,2010,13.435635309754769,100.0056597059863,73.80717718406224,1.440163645514513,55.503853863463334,0.43353902072487854,24.11518943615016,69.10271953970908,False,False,False,False,False,False,False,False
ESP,2011,12.060276725277449,88.2927291087355,61.84353093718235,1.3812787812978229,44.741528312006444,0.8579338837553083,19.391201297044507,64.42892955808922,False,False,False,False,False,False,False,False
ESP,2012,13.163736014059706,99.13137143809583,74.4449114873689,1.7582547678031757,58.70423687789861,0.7812432477520774,24.539292032856334,58.73161961228809,False,False,False,False,False,False,False,False
ESP,2013,12.896450588365061,100.19570181403053,75.13567702783388,1.0960145335687728,68.65167003481133,0.3462877277969919,30.279319699222484,58.451751430059694,False,False,False,False,False,False,False,False
ESP,2014,12.995016897302227,99.95767249700091,73.22534108228845,1.6543592354471324,55.996865491334965,0.2801093302628723,22.27531326661621,57.303474927683645,False,False,False,False,False,False,False,False
ESP,2015,12.796230804042114,98.83429760407323,70.96532240375518,0.9335348150031718,58.64606171572649,0.9167073088888285,23.036322639165018,59.827246880230184,False,False,False,False,False,False,False,False
ESP,2016,12.925415243869997,100.25064545490523,76.4068802662778,1.9309857354766284,61.476501691898456,0.259315991858137,27.17211816063005,57.64342139424441,False,False,False,False,False,False,False,False
ESP,2017,12.807499953960885,100.66614076704941,76.30461230322047,1.1737329779165853,62.88156300843555,0.1834676973558652,33.4638451592443,65.52916533147356,False,False,False,False,False,False,False,False
ESP,2018,12.93060971712109,99.76943216946606,77.94206938163421,1.3601009559664714,55.223179180881026,0.21498095076016188,29.586424880517534,61.215458638303495,False,False,False,False,False,False,False,False
ESP,2019,13.285391873289845,100.21075916946631,76.02031493783036,1.754514032585714,54.04280399348673,0.1,32.88681762553331,59.35670276823972,False,False,False,False,False,False,False,False
ESP,2020,12.090788501757569,81.98729233044342,53.86180788356817,1.764171606995272,38.712109140695794,0.48863207548495075,23.068022980393707,83.7200296969957,False,False,False,False,False,False,False,False
ESP,2021,13.216848068495654,100.04471966328136,75.05240950554807,1.439287134946817,61.26360503578585,0.3534571759668921,24.055182902325193,59.75059922935941,False,False,False,False,False,False,False,False
ESP,2022,13.087284209301846,100.3831358524433,73.41823641661087,1.5068016192456293,63.113227082640734,0.6487415063082712,38.02169554154298,58.57452871478993,False,False,False,False,False,False,False,False
ESP,2023,12.739521711520501,100.03912531723732,74.52816694137576,1.418622951099125,56.791459974934064,0.5884914367126465,26.672888509352696,63.60951742719071,False,False,False,False,False,False,False,False
MEX,2000,8.33597230390725,10.230521243203539,47.01671443460062,1.5499096379196153,88.2353048076426,0.7390105781212226,33.22793856087097,45.0775249507921,False,False,False,False,False,False,False,False
MEX,2001,7.987883583065154,10.721470748789843,50.83725157503556,1.5583127353363946,102.04174194975921,0.408316815753859,19.548485505734217,44.31896701281638,False,False,False,False,False,False,False,False
MEX,2002,7.942679582246804,10.158560962987382,51.45855437468582,1.1101256489355154,84.05616217708285,0.4827813904777892,28.68626626156748,38.616424125703546,False,False,False,False,False,False,False,False
MEX,2003,8.713652682144609,9.74833914840487,51.97835372334083,1.3392103170545038,82.45876493366376,0.42567427452808726,33.13803148780916,43.88197014681386,False,False,False,False,False,False,False,False
MEX,2004,7.577163447752944,9.991540620455996,49.81205533363453,1.5482480496813458,87.38806892837894,0.18481300345165969,34.343862502953854,40.254654291560584,False,False,False,False,False,False,False,False
MEX,2005,8.293927944068868,10.37184327082172,48.59451165991905,1.348246948412925,73.5489845670556,0.5227084820015281,33.42794873149208,44.43340565595949,False,False,False,False,False,False,False,False
MEX,2006,6.910894340134285,9.682319821895796,48.314473701944905,1.5958721906858844,84.24820875915368,0.5446630411753073,34.35373322294202,48.79525238588648,False,False,False,False,False,False,False,False
MEX,2007,7.762102277997549,9.504332804971275,49.77238564794493,1.1630664845547227,81.1754823870935,0.34336052899400227,45.38430185090252,50.44046360072125,False,False,False,False,False,False,False,False
MEX,2008,7.0803171742488304,7.888702217739464,36.44645306404137,1.8290504211894443,59.80617524704558,0.9121743155634348,15.44283970177769,58.15781342903237,False,False,False,False,False,False,False,False
MEX,2009,7.614114021303562,10.965712399465584,47.53377196451622,1.2561431066955613,71.48623994546121,0.4970465574048851,33.35455624138437,47.415162081111575,False,False,False,False,False,False,False,False
MEX,2010,7.486298224236995,9.77603905243521,48.510404793554095,1.2693015148030433,75.85397888911038,0.8975828271311113,23.640404994436388,45.84558626988264,False,False,False,False,False,False,False,False
MEX,2011,8.155023622293756,9.482569512865613,45.09278276707295,1.6547115428246468,63.52015513737937,0.3496297676629362,16.483035023188233,52.42381791948101,False,False,False,False,False,False,False,False
MEX,2012,8.548273559115128,8.685247689300832,48.62070615250857,1.6086781655743618,80.02518181525062,0.8689971105316049,34.91341571384971,39.39971710726796,False,False,False,False,False,False,False,False
MEX,2013,8.04141628525905,9.56309685941811,47.7806865080811,1.2330778786179535,81.92164675156978,0.8759398474304729,31.634277003052187,39.44280507915604,False,False,False,False,False,False,False,False
MEX,2014,7.974238535737677,10.301854221174247,49.62996780786167,1.5618094886065308,74.75449824430845,0.4292866265429994,28.52772121205983,50.811022180504736,False,False,False,False,False,False,False,False
MEX,2015,7.495775633726325,8.748461273359998,54.13540888238451,1.5231649174453892,70.4162685662619,0.766123932933886,32.824211793000615,51.54319122454326,False,False,False,False,False,False,False,False
MEX,2016,8.096298459365652,11.435265781164395,49.655593253722806,1.613354345236836,85.69128463572396,1.4338730603131522,27.881201589886484,43.186343566464586,False,False,False,False,False,False,False,False
MEX,2017,8.366414540910872,9.235460728553923,47.79730003408689,1.4716940725324306,92.78657446112827,0.7200643440517598,30.383045352258296,42.952945768230784,False,False,False,False,False,False,False,False
MEX,2018,6.9476252471404925,11.225306746320838,49.826276750369274,1.3529766398550824,98.21669198442643,0.1296464004732812,36.44037862426189,45.05803599705062,False,False,False,False,False,False,False,False
MEX,2019,8.36550031339274,10.323060974329872,52.14720272351252,1.9788723801164902,97.4807591602889,0.2939853970990114,32.495479080688746,38.230916673426684,False,False,False,False,False,False,False,False
MEX,2020,7.656766760776456,8.72697160619818,31.95687489127428,1.6301963996470692,54.932805862412096,0.6053496402881252,13.1544027886268,51.452626851080865,False,False,False,False,False,False,False,False
MEX,2021,7.930743877696387,9.745665974606588,48.99426775439592,1.2317870573396863,80.25116692426221,0.982273491919853,24.105382543508373,44.12132219059616,False,False,False,False,False,False,False,False
MEX,2022,8.3047630226043,9.066775759695254,50.12386236676232,1.7074317797316487,72.0512838752477,0.5407773701655044,34.78147501045673,54.29869322341127,False,False,False,False,False,False,False,False
MEX,2023,8.042259237907663,9.571849198055695,44.53771916659395,1.358845303380927,68.86433295238615,1.0112306234177353,34.44576912393903,40.512995588576445,False,False,False,False,False,False,False,False
IDN,2000,7.616567980997724,10.040843361549173,53.08630697427044,1.6003370090337576,62.401415133160654,0.5604958715387763,24.631556705411235,45.32433017160329,False,False,False,False,False,False,False,False
IDN,2001,7.980052808124144,9.157456260243046,55.020091838457574,1.3821095200122564,51.716407764602096,0.3691533675477545,28.71189757244503,44.72146618679957,False,False,False,False,False,False,False,False
IDN,2002,7.86313537391662,9.991437788230368,50.448793872556365,1.5195654349415846,62.35580469390581,0.6360756570527655,32.39753774000804,47.9157647782818,False,False,False,False,False,False,False,False
IDN,2003,7.653824612883103,9.604576435066813,53.101643164772625,1.4185079785416796,59.25428533702538,0.4365847310546093,41.37912713823819,41.5911014280107,False,False,False,False,False,False,False,False
IDN,2004,7.565356506505678,9.993479717779017,49.447562552950394,1.2739642541030634,59.4482593043744,0.5048075846885481,27.482151905461414,44.397543941480265,False,False,False,False,False,False,False,False
IDN,2005,7.616939584694665,9.323162467115385,48.75611929828441,1.3009652080201526,52.190472103180014,0.1,31.09329653378649,43.21471793906262,False,False,False,False,False,False,False,False
IDN,2006,8.52021544632242,8.826970737809031,48.89318168290561,1.5427617587882128,56.18754071862758,0.4876121938978151,20.767134760977914,43.28538189233387,False,False,False,False,False,False,False,False
IDN,2007,7.5767828492705105,10.555403325701633,50.44836826898993,1.6541500419237574,66.95903979833007,0.3482101403036434,30.53584957629798,40.68594903454161,False,False,False,False,False,False,False,False
IDN,2008,7.525780961708316,8.654161078105673,38.663399584713375,1.510486129597668,48.081882159875185,0.5040351093857879,26.806973706983335,50.47629296017443,False,False,False,False,False,False,False,False
IDN,2009,8.300106482872138,10.574759233129411,46.831907600099996,1.4486109749756437,51.61316712945422,0.8607729515675682,29.49002641682034,41.63026947949469,False,False,False,False,False,False,False,False
IDN,2010,8.48602848286986,9.99201721877282,52.45811980441822,1.5847778964887973,54.205304202816244,0.33842789801101275,25.91158801697433,40.46467857277458,False,False,False,False,False,False,False,False
IDN,2011,6.755307687192627,9.867927641740685,41.67015663576788,1.6785025990421147,50.58000693495986,0.3356284087379195,16.324481585409853,56.51792455996442,False,False,False,False,False,False,False,False
IDN,2012,7.400137367454893,10.419351811048474,45.58853134630625,1.247446044860287,56.15351240076987,0.6977163031740259,38.09393819830434,46.66330651782137,False,False,False,False,False,False,False,False
IDN,2013,7.697421882197001,10.546251099811341,45.51152356050605,1.3163575666980416,60.477441209652994,0.7276473248490828,28.95665814389767,43.74932621707057,False,False,False,False,False,False,False,False
IDN,2014,7.871349999691105,10.649267387795884,47.723087903289965,1.3042518327380468,58.365539900377875,0.8701172835008579,26.716553271862935,43.95876383491425,False,False,False,False,False,False,False,False
IDN,2015,7.244979394007374,9.867677062506077,50.66984273976611,1.2603215750095909,66.50518946426126,0.5630909120665986,27.4112127638889,45.8712093589949,False,False,False,False,False,False,False,False
IDN,2016,8.237794217964291,8.951862585192668,50.76851181708283,1.7386622011854251,55.369555112419306,0.35061144595464744,28.264067524438687,48.08320887995188,False,False,False,False,False,False,False,False
IDN,2017,7.473082252317827,10.256688637091742,49.01153209934604,1.834971934582813,58.351186171483874,0.1,33.068854278949544,46.50182343050901,False,False,False,False,False,False,False,False
IDN,2018,8.083785052900495,10.6973557585034,45.10395534492075,1.3190104334123867,59.722432696401945,0.534230447667956,29.048795777933922,39.010213325577006,False,False,False,False,False,False,False,False
IDN,2019,7.755556940478154,10.953364197066449,46.7113390253943,1.4864257236601037,62.58978977782559,0.7219026404353501,33.043677945622086,42.77147770971108,False,False,False,False,False,False,False,False
IDN,2020,6.866509799782372,9.028786218624898,38.344631146160445,1.6400567233255077,43.58790048955008,0.1,12.840560888839955,46.08592392045099,False,False,False,False,False,False,False,False
IDN,2021,8.051429288966167,10.089605146635929,45.766829506801756,1.6606309485228044,48.64342693445969,0.5934472576393369,32.671824493181916,45.364374425023655,False,False,False,False,False,False,False,False
IDN,2022,7.234232342378179,10.690160437538978,48.42040493871187,1.3952848023186835,55.74341305602915,0.693378629724553,27.14842966106767,40.283567142548605,False,False,False,False,False,False,False,False
IDN,2023,8.462987550357308,9.945354483788183,52.89172080222759,1.4959802496460697,55.37279820270426,0.1,30.535287264961482,43.61941247544789,False,False,False,False,False,False,False,False
